"Id","Name","Description","Code","Is Active","Location","EntryStation_Permission_Lot_Rel","lot_location","lot_total_space_count","lot_type_uid","Permit_Inventory_Series","Personnel_Productivity","Space_Inventory","Zone_Polygons"
"3","5285 Brown Rd.","5285 Brown Rd.","420","True","d7d1007c-5c0b-4f24-981b-962389ed173b","EntryStation_Permission_Lot_Rel","Polygon ((-84.7467863559724 39.519486021078 ,-84.7463035583498 39.5194942973897 ,-84.7462821006776 39.5190763424141 ,-84.7467702627183 39.5190763424141 ,-84.7467863559724 39.519486021078))","","85f20ab3-1a03-4478-abf0-394079fad1b6","Permit_Inventory_Series","Personnel_Productivity","Space_Inventory","Zone_Polygons"
"2","Advancement Services Center","Advancement Services Center","421","True","d7d1007c-5c0b-4f24-981b-962389ed173b","EntryStation_Permission_Lot_Rel","Polygon ((-84.7326242923738 39.4996200316355 ,-84.7325599193574 39.4996655643546 ,-84.7321790456773 39.4996158922959 ,-84.7319966554643 39.4996158922959 ,-84.7318732738496 39.4994917119939 ,-84.7317928075792 39.4993675314701 ,-84.7318518161775 39.4993509740501 ,-84.7318464517595 39.4993054411249 ,-84.7322541475297 39.4993426953387 ,-84.7325062751771 39.4994875726467 ,-84.7326350212099 39.4996324496528 ,-84.7326242923738 39.4996200316355))","","2624e91d-ad91-bde6-85ed-0b33d64e95ce","Permit_Inventory_Series","Personnel_Productivity","Space_Inventory","Zone_Polygons"
"6","Alumni/Bishop Service Drive","Alumni/Bishop Service Drive","100","True","d7d1007c-5c0b-4f24-981b-962389ed173b","EntryStation_Permission_Lot_Rel","Polygon ((-84.7369077801706 39.5079333976997 ,-84.7367790341379 39.5079354671218 ,-84.7367897629739 39.5075940116364 ,-84.7374308109285 39.5075981505008 ,-84.7374093532564 39.5079437448097 ,-84.7374951839448 39.5080223827956 ,-84.7371813654901 39.5080368687307 ,-84.737165272236 39.5079892720756 ,-84.7374173998834 39.5079934109164 ,-84.7373825311662 39.5079458142315 ,-84.7373825311662 39.5076705805882 ,-84.7369506955148 39.5076560945767 ,-84.7369077801706 39.5079333976997))","","255a28e3-6b2f-4001-bc92-3718c5b07bc0","Permit_Inventory_Series","Personnel_Productivity","Space_Inventory","Zone_Polygons"
"7","Armstrong Center Service Drive","Armstrong Center Service Drive","126","True","d7d1007c-5c0b-4f24-981b-962389ed173b","EntryStation_Permission_Lot_Rel","Polygon ((-84.7319054603578 39.5081155066112 ,-84.7319081425668 39.5080886041884 ,-84.732291698456 39.5080637711735 ,-84.7326350212099 39.5080844653532 ,-84.7326323390008 39.5079685778675 ,-84.732114672661 39.5079665084464 ,-84.7318625450136 39.5080078968575 ,-84.7316774725915 39.5081072289438 ,-84.7319054603578 39.5081155066112))","","255a28e3-6b2f-4001-bc92-3718c5b07bc0","Permit_Inventory_Series","Personnel_Productivity","Space_Inventory","Zone_Polygons"
"4","Art Museum","Art Museum","301","True","d7d1007c-5c0b-4f24-981b-962389ed173b","EntryStation_Permission_Lot_Rel","Polygon ((-84.7303900122644 39.5013067919963 ,-84.7303926944734 39.5011888235846 ,-84.7301003336908 39.5011784754688 ,-84.7296926379205 39.5007086693869 ,-84.729604125023 39.5007024604747 ,-84.7294726967813 39.5010377409404 ,-84.7295585274698 39.5011722665985 ,-84.7298669815065 39.5012426337621 ,-84.7300735116006 39.5013005831375 ,-84.7303900122644 39.5013067919963))","","2624e91d-ad91-bde6-85ed-0b33d64e95ce","Permit_Inventory_Series","Personnel_Productivity","Space_Inventory","Zone_Polygons"
"1","Bachelor Hall Lot","Bachelor Hall Lot","302","True","d7d1007c-5c0b-4f24-981b-962389ed173b","EntryStation_Permission_Lot_Rel","Polygon ((-84.7289282083513 39.5062240339697 ,-84.7289174795152 39.506544801555 ,-84.7289738059045 39.5065510099452 ,-84.7290757298471 39.506668969255 ,-84.7298213839532 39.5066834554722 ,-84.7298213839532 39.5063378548952 ,-84.7297650575639 39.5063337159558 ,-84.7297435998918 39.506271631834 ,-84.7296684980394 39.5062385202797 ,-84.7295638918878 39.5062302423886 ,-84.7289228439332 39.5062198950234 ,-84.7289282083513 39.5062240339697))","","2624e91d-ad91-bde6-85ed-0b33d64e95ce","Permit_Inventory_Series","Personnel_Productivity","Space_Inventory","Zone_Polygons"
"8","Beechwoods Hall Service Drive","Beechwoods Hall Service Drive","345","True","d7d1007c-5c0b-4f24-981b-962389ed173b","EntryStation_Permission_Lot_Rel","Polygon ((-84.7289711236955 39.5067082889804 ,-84.7289174795152 39.5066917333093 ,-84.7287109494211 39.5067144973561 ,-84.728694856167 39.506755886513 ,-84.7284024953844 39.5067517475984 ,-84.7283864021303 39.5066110243559 ,-84.7289174795152 39.5066234411241 ,-84.7289738059045 39.5065923991995 ,-84.7289711236955 39.5067082889804))","","255a28e3-6b2f-4001-bc92-3718c5b07bc0","Permit_Inventory_Series","Personnel_Productivity","Space_Inventory","Zone_Polygons"
"5","Benton Hall Lot","Benton Hall Lot","120","True","d7d1007c-5c0b-4f24-981b-962389ed173b","EntryStation_Permission_Lot_Rel","Polygon ((-84.7339949011804 39.5109070937115 ,-84.7340029478075 39.5112671568242 ,-84.7337776422502 39.5112671568242 ,-84.7337588667871 39.5110871255011 ,-84.7334557771684 39.5110747095306 ,-84.7334584593774 39.5109008857104 ,-84.7339949011804 39.5109070937115))","","255a28e3-6b2f-4001-bc92-3718c5b07bc0","Permit_Inventory_Series","Personnel_Productivity","Space_Inventory","Zone_Polygons"
"9","Benton Hall Service Drive","Benton Hall Service Drive","101","True","d7d1007c-5c0b-4f24-981b-962389ed173b","EntryStation_Permission_Lot_Rel","Polygon ((-84.7346627712251 39.5107974189443 ,-84.7340002655984 39.5109112323785 ,-84.7339949011804 39.5109877976748 ,-84.7346654534341 39.5108988163766 ,-84.7346627712251 39.5107974189443))","","255a28e3-6b2f-4001-bc92-3718c5b07bc0","Permit_Inventory_Series","Personnel_Productivity","Space_Inventory","Zone_Polygons"
"10","Bishop Circle","Bishop Circle","103","True","d7d1007c-5c0b-4f24-981b-962389ed173b","EntryStation_Permission_Lot_Rel","Polygon ((-84.7307467460634 39.5093012722842 ,-84.7323131561281 39.5093095498094 ,-84.7326350212099 39.5091853868279 ,-84.7328013181688 39.509015697061 ,-84.7328925132753 39.5088667008264 ,-84.7329676151277 39.5088667008264 ,-84.7329622507097 39.5085480133633 ,-84.7328603267671 39.5085231805126 ,-84.7327262163164 39.5083245173874 ,-84.7325170040132 39.508204491474 ,-84.7322058677675 39.5081382701916 ,-84.7319108247758 39.5081134371945 ,-84.7307842969896 39.5080886041884 ,-84.7307842969896 39.50818379733 ,-84.731932282448 39.508208630302 ,-84.7322058677675 39.5082251856118 ,-84.7324687242509 39.5082955456342 ,-84.7326350212099 39.5084031549424 ,-84.7327315807344 39.5085728462052 ,-84.7327798604967 39.5087549534409 ,-84.7326779365541 39.5089825868143 ,-84.7325223684312 39.5091315828003 ,-84.732291698456 39.509218496978 ,-84.7307574748994 39.5092019419049 ,-84.7307467460634 39.5093012722842))","","255a28e3-6b2f-4001-bc92-3718c5b07bc0","Permit_Inventory_Series","Personnel_Productivity","Space_Inventory","Zone_Polygons"
"11","Bonham House","Bonham House","200","True","d7d1007c-5c0b-4f24-981b-962389ed173b","EntryStation_Permission_Lot_Rel","Polygon ((-84.7363471984865 39.5070787210909 ,-84.736261367798 39.5071014850109 ,-84.736269414425 39.5067724421689 ,-84.7363606095315 39.5067331224797 ,-84.7363471984865 39.5070787210909))","","4a178ace-6815-46f5-b1c5-043b21626999","Permit_Inventory_Series","Personnel_Productivity","Space_Inventory","Zone_Polygons"
"12","Bonham Rd.","Bonham Rd.","414","True","d7d1007c-5c0b-4f24-981b-962389ed173b","EntryStation_Permission_Lot_Rel","Polygon ((-84.7343569993974 39.5151449596616 ,-84.7334343194963 39.5161298953874 ,-84.7335469722749 39.5161836939954 ,-84.7344964742662 39.5151904822088 ,-84.7343569993974 39.5151449596616))","","8206ffbd-e733-4c5f-b3cf-e58a392791a7","Permit_Inventory_Series","Personnel_Productivity","Space_Inventory","Zone_Polygons"
"13","Boyd Hall - East Lot","Boyd Hall - East Lot","303","True","d7d1007c-5c0b-4f24-981b-962389ed173b","EntryStation_Permission_Lot_Rel","Polygon ((-84.7252160310747 39.5036599095326 ,-84.7253447771074 39.5036764659261 ,-84.7253233194353 39.5033867284712 ,-84.7252106666566 39.5033867284712 ,-84.7251784801485 39.5033163634784 ,-84.7250121831895 39.503312224359 ,-84.7250121831895 39.503361893776 ,-84.7250658273698 39.5033660328925 ,-84.7250604629518 39.5036847441214 ,-84.7252160310747 39.5036599095326))","","2624e91d-ad91-bde6-85ed-0b33d64e95ce","Permit_Inventory_Series","Personnel_Productivity","Space_Inventory","Zone_Polygons"
"14","Boyd Hall - South Lot","Boyd Hall - South Lot","304","True","d7d1007c-5c0b-4f24-981b-962389ed173b","EntryStation_Permission_Lot_Rel","Polygon ((-84.7252535820009 39.5027575801241 ,-84.7242236137392 39.5027824150352 ,-84.724196791649 39.5024264471274 ,-84.7251516580583 39.5024264471274 ,-84.7252053022386 39.5025878746604 ,-84.7252535820009 39.5027575801241))","","8206ffbd-e733-4c5f-b3cf-e58a392791a7","Permit_Inventory_Series","Personnel_Productivity","Space_Inventory","Zone_Polygons"
"15","Campus Ave. Building - Central","Campus Ave. Building - Central","201","True","d7d1007c-5c0b-4f24-981b-962389ed173b","EntryStation_Permission_Lot_Rel","Polygon ((-84.7388185858564 39.5062252756346 ,-84.7388293146925 39.5059819051988 ,-84.7385568022402 39.5060448173582 ,-84.7385632396073 39.5062815653035 ,-84.7388185858564 39.5062252756346))","","2624e91d-ad91-bde6-85ed-0b33d64e95ce","Permit_Inventory_Series","Personnel_Productivity","Space_Inventory","Zone_Polygons"
"16","Campus Ave. Building - East","Campus Ave. Building - East","202","True","d7d1007c-5c0b-4f24-981b-962389ed173b","EntryStation_Permission_Lot_Rel","Polygon ((-84.7384366393091 39.5067227751894 ,-84.7382247447969 39.5066958722274 ,-84.7382113337518 39.506344063304 ,-84.738415181637 39.5063502717122 ,-84.7384366393091 39.5067227751894))","","2624e91d-ad91-bde6-85ed-0b33d64e95ce","Permit_Inventory_Series","Personnel_Productivity","Space_Inventory","Zone_Polygons"
"17","Campus Ave. Building - South","Campus Ave. Building - South","203","True","d7d1007c-5c0b-4f24-981b-962389ed173b","EntryStation_Permission_Lot_Rel","Polygon ((-84.7391313314439 39.5054500467317 ,-84.7391152381898 39.5058018601813 ,-84.7388255596162 39.5057915127523 ,-84.7388201951982 39.5057439145592 ,-84.7387450933458 39.5057377060968 ,-84.7387504577638 39.5058039296669 ,-84.7380289435388 39.5058018601813 ,-84.7380530834199 39.5054500467317 ,-84.7391313314439 39.5054500467317))","","2624e91d-ad91-bde6-85ed-0b33d64e95ce","Permit_Inventory_Series","Personnel_Productivity","Space_Inventory","Zone_Polygons"
"18","Campus Ave. Building - South Timed","Campus Ave. Building - South Timed","204","True","d7d1007c-5c0b-4f24-981b-962389ed173b","EntryStation_Permission_Lot_Rel","Polygon ((-84.7388094663621 39.5057997906956 ,-84.7388067841531 39.5057604704561 ,-84.7387638688089 39.5057666789165 ,-84.7387745976449 39.5058080686379 ,-84.7388094663621 39.5057997906956))","","2624e91d-ad91-bde6-85ed-0b33d64e95ce","Permit_Inventory_Series","Personnel_Productivity","Space_Inventory","Zone_Polygons"
"19","Center Dr.","Center Dr.","207","True","d7d1007c-5c0b-4f24-981b-962389ed173b","EntryStation_Permission_Lot_Rel","Polygon ((-84.7331714630128 39.5036061012267 ,-84.7362050414087 39.503661979082 ,-84.7361996769907 39.5037261350828 ,-84.7331795096399 39.503661979082 ,-84.7331714630128 39.5036061012267))","","8206ffbd-e733-4c5f-b3cf-e58a392791a7","Permit_Inventory_Series","Personnel_Productivity","Space_Inventory","Zone_Polygons"
"20","Center for Performing Arts","Center for Performing Arts","208","True","d7d1007c-5c0b-4f24-981b-962389ed173b","EntryStation_Permission_Lot_Rel","Polygon ((-84.7316704985862 39.5052062596234 ,-84.7316833733204 39.5044380557612 ,-84.7310954332353 39.5044214995492 ,-84.7311083076421 39.5052062596234 ,-84.7316704985862 39.5052062596234))","","2624e91d-ad91-bde6-85ed-0b33d64e95ce","Permit_Inventory_Series","Personnel_Productivity","Space_Inventory","Zone_Polygons"
"21","Central Food Stores","Central Food Stores","400","True","d7d1007c-5c0b-4f24-981b-962389ed173b","EntryStation_Permission_Lot_Rel","Polygon ((-84.7481703758241 39.5095723607217 ,-84.7481703758241 39.5095164876189 ,-84.7473844885828 39.5095020019923 ,-84.7473764419557 39.5095516669852 ,-84.747617840767 39.5095744300951 ,-84.7476795315744 39.5096365112659 ,-84.7478511929513 39.50964271938 ,-84.7478994727136 39.5095764994683 ,-84.7481703758241 39.5095723607217))","","255a28e3-6b2f-4001-bc92-3718c5b07bc0","Permit_Inventory_Series","Personnel_Productivity","Space_Inventory","Zone_Polygons"
"22","Chestnut Fields","Chestnut Fields","418","True","d7d1007c-5c0b-4f24-981b-962389ed173b","EntryStation_Permission_Lot_Rel","Polygon ((-84.7454372048379 39.5001126112853 ,-84.7455418109895 39.5000484519488 ,-84.7456946969034 39.5000422429776 ,-84.7458475828172 39.4999573869825 ,-84.7458931803705 39.4999491083432 ,-84.7459307312967 39.4990694973076 ,-84.7441309690477 39.4990301732602 ,-84.7441202402116 39.5000443126348 ,-84.7444206476213 39.5000484519488 ,-84.744538664818 39.5000505216058 ,-84.744549393654 39.5001043326646 ,-84.7454372048379 39.5001126112853))","","30794165-2ecc-47dc-9b48-e3ed39640656","Permit_Inventory_Series","Personnel_Productivity","Space_Inventory","Zone_Polygons"
"23","Clawson Hall Lot","Clawson Hall Lot","305","True","d7d1007c-5c0b-4f24-981b-962389ed173b","EntryStation_Permission_Lot_Rel","Polygon ((-84.7269492744091 39.5046582529934 ,-84.7268527148846 39.504439711357 ,-84.7267089485469 39.5044860687159 ,-84.7268570065172 39.5046963321643 ,-84.7269492744091 39.5046582529934))","","255a28e3-6b2f-4001-bc92-3718c5b07bc0","Permit_Inventory_Series","Personnel_Productivity","Space_Inventory","Zone_Polygons"
"24","Cole Service Building Lot","Cole Service Building Lot","306","True","d7d1007c-5c0b-4f24-981b-962389ed173b","EntryStation_Permission_Lot_Rel","Polygon ((-84.727608561516 39.5089370601992 ,-84.72762465477 39.5085293887261 ,-84.7276595234872 39.5084362654652 ,-84.7276648879053 39.5083534891285 ,-84.7276675701143 39.5081134371945 ,-84.7276756167413 39.507987202655 ,-84.7274127602579 39.5078319959398 ,-84.72708016634 39.5078340653649 ,-84.7266671061517 39.5078609678863 ,-84.7265195846559 39.5078630373106 ,-84.7265222668649 39.5079996191773 ,-84.7268414497377 39.5080058274376 ,-84.7268468141557 39.5079768555515 ,-84.7269755601884 39.5079768555515 ,-84.7269997000696 39.507918911743 ,-84.7271311283113 39.507898217514 ,-84.727262556553 39.5079106340522 ,-84.7274127602579 39.5079354671218 ,-84.7275012731554 39.5079665084464 ,-84.7275200486185 39.5080099662774 ,-84.7275093197824 39.508314170334 ,-84.7274959087373 39.5083845302663 ,-84.7274583578111 39.5084631677534 ,-84.7273966670038 39.5084797230025 ,-84.7273939847948 39.5086701080836 ,-84.7273859381677 39.5087880637961 ,-84.7273859381677 39.5088563538539 ,-84.727608561516 39.5089370601992))","","2624e91d-ad91-bde6-85ed-0b33d64e95ce","Permit_Inventory_Series","Personnel_Productivity","Space_Inventory","Zone_Polygons"
"26","Cook Field - East","Cook Field - East","307","True","d7d1007c-5c0b-4f24-981b-962389ed173b","EntryStation_Permission_Lot_Rel","Polygon ((-84.7278821468355 39.5100752166259 ,-84.7279438376428 39.5081920749883 ,-84.7276970744134 39.5082024220599 ,-84.7276863455774 39.5089267132371 ,-84.7276675701143 39.5093157579526 ,-84.7276648879053 39.5094068106566 ,-84.7272223234178 39.5094130187912 ,-84.727251827717 39.5097813671156 ,-84.7276622056962 39.5097917139505 ,-84.7276622056962 39.5100938408487 ,-84.7278821468355 39.5100752166259))","","2624e91d-ad91-bde6-85ed-0b33d64e95ce","Permit_Inventory_Series","Personnel_Productivity","Space_Inventory","Zone_Polygons"
"27","Cook Field - North","Cook Field - North","308","True","d7d1007c-5c0b-4f24-981b-962389ed173b","EntryStation_Permission_Lot_Rel","Polygon ((-84.7280189394952 39.5101869618881 ,-84.7280511260034 39.5103794116407 ,-84.7294297814371 39.5103814809899 ,-84.7294539213182 39.510275944098 ,-84.730135202408 39.5102780134504 ,-84.730140566826 39.5101704070458 ,-84.7280189394952 39.5101869618881))","","2624e91d-ad91-bde6-85ed-0b33d64e95ce","Permit_Inventory_Series","Personnel_Productivity","Space_Inventory","Zone_Polygons"
"28","Cook Field - South","Cook Field - South","309","True","d7d1007c-5c0b-4f24-981b-962389ed173b","EntryStation_Permission_Lot_Rel","Polygon ((-84.7297650575639 39.5081589643491 ,-84.729773104191 39.5081196454446 ,-84.7298455238344 39.5081051595268 ,-84.7298535704614 39.5078961480908 ,-84.729786515236 39.5078878703972 ,-84.729778468609 39.5078526901885 ,-84.7294002771379 39.5078568290375 ,-84.7293198108675 39.5078837315501 ,-84.7293037176134 39.5080306604732 ,-84.7289469838144 39.5080161745368 ,-84.7289201617242 39.5078899398207 ,-84.728705585003 39.5078568290375 ,-84.7281128168108 39.5078464819145 ,-84.727970659733 39.5078485513393 ,-84.7279089689256 39.5079106340522 ,-84.7279465198518 39.5081175760279 ,-84.7281906008722 39.5081299925269 ,-84.7282227873804 39.5080886041884 ,-84.7282817959787 39.5080865347709 ,-84.7282871603967 39.5081382701916 ,-84.7289603948595 39.5081506866869 ,-84.7289818525316 39.5081092983607 ,-84.7290462255479 39.5081030901097 ,-84.7291830182077 39.5081010206926 ,-84.7293224930765 39.5081092983607 ,-84.7293627262117 39.5081092983607 ,-84.7293627262117 39.5081631031799 ,-84.7294646501543 39.5081610337645 ,-84.7294861078264 39.5081279231105 ,-84.7295182943346 39.5081113677776 ,-84.7295477986337 39.5081610337645 ,-84.7297650575639 39.5081589643491))","","2624e91d-ad91-bde6-85ed-0b33d64e95ce","Permit_Inventory_Series","Personnel_Productivity","Space_Inventory","Zone_Polygons"
"29","Cook Field - West","Cook Field - West","310","True","d7d1007c-5c0b-4f24-981b-962389ed173b","EntryStation_Permission_Lot_Rel","Polygon ((-84.7303310036661 39.5101372973493 ,-84.7305214405061 39.5101455747749 ,-84.7305402159692 39.5092888559945 ,-84.7304731607439 39.5092805784669 ,-84.7304785251619 39.509183317443 ,-84.7305482625963 39.5091750399027 ,-84.7305643558504 39.5085066252739 ,-84.7303578257562 39.5085397357474 ,-84.7303310036661 39.5101372973493))","","2624e91d-ad91-bde6-85ed-0b33d64e95ce","Permit_Inventory_Series","Personnel_Productivity","Space_Inventory","Zone_Polygons"
"30","Cook Place","Cook Place","311","True","d7d1007c-5c0b-4f24-981b-962389ed173b","EntryStation_Permission_Lot_Rel","Polygon ((-84.7276487946512 39.5092536764952 ,-84.7276514768602 39.5091936643669 ,-84.7270265221597 39.5091502072761 ,-84.7270292043687 39.5092205663618 ,-84.7276487946512 39.5092536764952))","","2624e91d-ad91-bde6-85ed-0b33d64e95ce","Permit_Inventory_Series","Personnel_Productivity","Space_Inventory","Zone_Polygons"
"31","Culinary Support Center","Culinary Support Center","419","True","d7d1007c-5c0b-4f24-981b-962389ed173b","EntryStation_Permission_Lot_Rel","Polygon ((-84.7514630555453 39.5062352091265 ,-84.7509652376176 39.5062385202797 ,-84.7509695290866 39.5050200041329 ,-84.7526561022461 39.5050498049793 ,-84.7526561022461 39.5055862194176 ,-84.7513343095126 39.5056325760117 ,-84.7513128518405 39.5058577362711 ,-84.7514759299521 39.5058676697683 ,-84.7514630555453 39.5062352091265))","","85f20ab3-1a03-4478-abf0-394079fad1b6","Permit_Inventory_Series","Personnel_Productivity","Space_Inventory","Zone_Polygons"
"32","Dennison Hall - North","Dennison Hall - North","312","True","d7d1007c-5c0b-4f24-981b-962389ed173b","EntryStation_Permission_Lot_Rel","Polygon ((-84.7257524728776 39.5116810201659 ,-84.7258731722833 39.5115485841648 ,-84.7257015109064 39.5114761581199 ,-84.7255539894105 39.5113768308498 ,-84.7254949808122 39.5112961273383 ,-84.7254091501237 39.5111885225105 ,-84.7253957390787 39.5110829868445 ,-84.7254332900049 39.5110188376358 ,-84.7253662347795 39.5109691736916 ,-84.7252455353738 39.5110519469122 ,-84.7252294421197 39.5111823145346 ,-84.7252535820009 39.5113395830869 ,-84.7253528237344 39.511453395633 ,-84.725457429886 39.5115382375915 ,-84.7256022691728 39.5116168715094 ,-84.7257524728776 39.5116810201659))","","8206ffbd-e733-4c5f-b3cf-e58a392791a7","Permit_Inventory_Series","Personnel_Productivity","Space_Inventory","Zone_Polygons"
"33","Dennison Hall - South Lot","Dennison Hall - South Lot","347","True","d7d1007c-5c0b-4f24-981b-962389ed173b","EntryStation_Permission_Lot_Rel","Polygon ((-84.7265866398813 39.5104766709903 ,-84.7262084484102 39.510455977523 ,-84.7262057662012 39.5107208534382 ,-84.7265625000001 39.5107167147598 ,-84.7265866398813 39.5104766709903))","","8206ffbd-e733-4c5f-b3cf-e58a392791a7","Permit_Inventory_Series","Personnel_Productivity","Space_Inventory","Zone_Polygons"
"34","Dewitt Lot","Dewitt Lot","424","True","d7d1007c-5c0b-4f24-981b-962389ed173b","EntryStation_Permission_Lot_Rel","Polygon ((-84.7161984443666 39.5080844653532 ,-84.7158282995225 39.5081465478554 ,-84.7158068418504 39.5085687073988 ,-84.7161179780962 39.5085604297854 ,-84.7163593769075 39.5083617667666 ,-84.7163218259813 39.5081879361593 ,-84.7161984443666 39.5080844653532))","","30794165-2ecc-47dc-9b48-e3ed39640656","Permit_Inventory_Series","Personnel_Productivity","Space_Inventory","Zone_Polygons"
"35","Ditmer Field Lot","Ditmer Field Lot","401","True","d7d1007c-5c0b-4f24-981b-962389ed173b","EntryStation_Permission_Lot_Rel","Polygon ((-84.7217130661012 39.5069007483681 ,-84.7217077016832 39.507082859986 ,-84.7217184305192 39.5072484155881 ,-84.7217720746995 39.5073394710011 ,-84.7219115495683 39.5073767209084 ,-84.7220724821092 39.5073560265179 ,-84.7222709655763 39.5073104988372 ,-84.7226250171663 39.5072525544731 ,-84.722753763199 39.5071821933946 ,-84.7227859497072 39.5070207765335 ,-84.7227805852891 39.5068841927428 ,-84.7227913141252 39.506656552495 ,-84.7227752208711 39.5064827176218 ,-84.7227805852891 39.5062964654893 ,-84.7227752208711 39.5062136866036 ,-84.7226786613466 39.5061143518105 ,-84.722582101822 39.5060232947921 ,-84.7224211692811 39.5058908480069 ,-84.7223246097566 39.5057956517241 ,-84.7221153974535 39.5056300926608 ,-84.7219920158388 39.5055431739946 ,-84.7217935323717 39.5054562552198 ,-84.7215360403062 39.5054562552198 ,-84.7214126586915 39.505464533203 ,-84.7213000059129 39.5054976451261 ,-84.7212302684785 39.5055887028333 ,-84.7212195396425 39.5057128722417 ,-84.7212034463884 39.5058494583347 ,-84.7206830978395 39.5058784311078 ,-84.7204363346101 39.5058908480069 ,-84.7203451395036 39.5059529324689 ,-84.7203129529954 39.5060688233162 ,-84.7203236818315 39.5061929918667 ,-84.7203290462495 39.5062674928905 ,-84.7202968597414 39.506300604431 ,-84.720232486725 39.506329577016 ,-84.7201842069627 39.5064082168287 ,-84.7200983762743 39.5064247725674 ,-84.7200822830202 39.5065365237004 ,-84.720060825348 39.5066482746537 ,-84.7200822830202 39.5068221091128 ,-84.7201144695283 39.5068800538358 ,-84.7201949357988 39.5069214428941 ,-84.7202539443971 39.5069297207028 ,-84.7204899787904 39.5069214428941 ,-84.7207474708559 39.5069007483681 ,-84.7209405899049 39.5068924705559 ,-84.7210371494295 39.5068924705559 ,-84.7211766242982 39.5068883316494 ,-84.721310734749 39.5069048872738 ,-84.7217130661012 39.5069007483681))","","30794165-2ecc-47dc-9b48-e3ed39640656","Permit_Inventory_Series","Personnel_Productivity","Space_Inventory","Zone_Polygons"
"36","Dodds Service Drive","Dodds Service Drive","210","True","d7d1007c-5c0b-4f24-981b-962389ed173b","EntryStation_Permission_Lot_Rel","Polygon ((-84.73320633173 39.5033349895128 ,-84.7333136200906 39.503297737439 ,-84.733383357525 39.5032666940288 ,-84.7334718704225 39.5032315114806 ,-84.7335791587831 39.5032087462928 ,-84.7336542606355 39.5031942593512 ,-84.7336703538896 39.5033639633342 ,-84.7336220741273 39.5033660328925 ,-84.733568429947 39.5033577546592 ,-84.7335308790208 39.5033598242176 ,-84.7335228323938 39.5033101547991 ,-84.7334986925127 39.503297737439 ,-84.7334262728693 39.5033060156793 ,-84.733372628689 39.5033349895128 ,-84.7333163022996 39.5033536155423 ,-84.7332438826562 39.5033805197982 ,-84.733200967312 39.5033970762582 ,-84.73320633173 39.5033349895128))","","255a28e3-6b2f-4001-bc92-3718c5b07bc0","Permit_Inventory_Series","Personnel_Productivity","Space_Inventory","Zone_Polygons"
"37","Dorsey Service Drive","Dorsey Service Drive","342","True","d7d1007c-5c0b-4f24-981b-962389ed173b","EntryStation_Permission_Lot_Rel","Polygon ((-84.7279384732248 39.5105884156069 ,-84.7279384732248 39.5107022293834 ,-84.7278499603273 39.5107518935184 ,-84.7276407480241 39.5107477548419 ,-84.727621972561 39.5105842769206 ,-84.7277158498765 39.5105635834854 ,-84.7277373075487 39.5105077111796 ,-84.7277480363847 39.5104125212218 ,-84.7277426719667 39.5103876890374 ,-84.7278311848642 39.5103938970843 ,-84.7278285026552 39.5104787403367 ,-84.7278285026552 39.5105346126658 ,-84.7278472781183 39.5105759995472 ,-84.7278901934625 39.5105842769206 ,-84.7279384732248 39.5105884156069))","","255a28e3-6b2f-4001-bc92-3718c5b07bc0","Permit_Inventory_Series","Personnel_Productivity","Space_Inventory","Zone_Polygons"
"38","Edwards Lot","Edwards Lot","104","True","d7d1007c-5c0b-4f24-981b-962389ed173b","EntryStation_Permission_Lot_Rel","Polygon ((-84.7352796792985 39.5113519990101 ,-84.735188484192 39.5113540683304 ,-84.735180437565 39.5112795727603 ,-84.7349309921266 39.5112464635924 ,-84.7349202632905 39.51118438386 ,-84.7349175810815 39.5110705708732 ,-84.7349229454996 39.5109608963641 ,-84.7349256277086 39.5108098349644 ,-84.7349309921266 39.5106670505997 ,-84.7349926829339 39.5106732586216 ,-84.7350490093233 39.5105966929787 ,-84.7351187467576 39.5105759995472 ,-84.7352072596551 39.5105780688906 ,-84.7352689504625 39.5106256637724 ,-84.7352904081346 39.5106732586216 ,-84.735354781151 39.5106960213641 ,-84.7353413701059 39.5112754341152 ,-84.7352877259256 39.5112795727603 ,-84.7352796792985 39.5113519990101))","","2624e91d-ad91-bde6-85ed-0b33d64e95ce","Permit_Inventory_Series","Personnel_Productivity","Space_Inventory","Zone_Polygons"
"39","Emerson Hall Lot","Emerson Hall Lot","211","True","d7d1007c-5c0b-4f24-981b-962389ed173b","EntryStation_Permission_Lot_Rel","Polygon ((-84.7315460443498 39.5018635174122 ,-84.7313636541368 39.5018717958234 ,-84.7313529253007 39.5015696331759 ,-84.731583595276 39.5015717027875 ,-84.7315460443498 39.5018635174122))","","8206ffbd-e733-4c5f-b3cf-e58a392791a7","Permit_Inventory_Series","Personnel_Productivity","Space_Inventory","Zone_Polygons"
"40","Engineering Building Patio","Engineering Building Patio","106","True","d7d1007c-5c0b-4f24-981b-962389ed173b","EntryStation_Permission_Lot_Rel","Polygon ((-84.7334155440332 39.5110664322157 ,-84.7334209084512 39.5109174403787 ,-84.7331902384759 39.5108905390407 ,-84.7331848740579 39.5107870722592 ,-84.7330695390703 39.5107912109335 ,-84.7330534458162 39.5109319257102 ,-84.7328093647958 39.5109298563773 ,-84.7326108813287 39.5109153710454 ,-84.7322461009027 39.5109153710454 ,-84.7320261597635 39.5109298563773 ,-84.7320368885995 39.5110457389241 ,-84.732482135296 39.5110560855706 ,-84.7330909967424 39.5110643628868 ,-84.7330883145334 39.5110126296447 ,-84.7332224249841 39.5110146989751 ,-84.7332385182382 39.5110560855706 ,-84.7334155440332 39.5110664322157))","","255a28e3-6b2f-4001-bc92-3718c5b07bc0","Permit_Inventory_Series","Personnel_Productivity","Space_Inventory","Zone_Polygons"
"41","Ethridge Hall Service Drive","Ethridge Hall Service Drive","251","True","d7d1007c-5c0b-4f24-981b-962389ed173b","EntryStation_Permission_Lot_Rel","Polygon ((-84.7330078482629 39.5036599095326 ,-84.733018577099 39.5035791970581 ,-84.7325438261034 39.5035874752649 ,-84.7324982285501 39.5035088322602 ,-84.7324231266977 39.5035046931522 ,-84.7323533892633 39.5035481537737 ,-84.7323212027551 39.5036123098795 ,-84.7323399782182 39.5036681877299 ,-84.7325786948205 39.5036433531352 ,-84.7326403856279 39.5036826745726 ,-84.7327852249147 39.5036806050239 ,-84.7328147292139 39.5036537008841 ,-84.7330078482629 39.5036599095326))","","255a28e3-6b2f-4001-bc92-3718c5b07bc0","Permit_Inventory_Series","Personnel_Productivity","Space_Inventory","Zone_Polygons"
"42","Flower Hall Lot","Flower Hall Lot","107","True","d7d1007c-5c0b-4f24-981b-962389ed173b","EntryStation_Permission_Lot_Rel","Polygon ((-84.7328013181688 39.5163264670224 ,-84.7328281402589 39.5163864729896 ,-84.732474088669 39.5164982081008 ,-84.7323319315912 39.516523038101 ,-84.7321817278863 39.5164692397559 ,-84.7320556640626 39.5163616429405 ,-84.7319564223291 39.5162271466869 ,-84.7318035364152 39.5160202288652 ,-84.7316989302637 39.5158402098589 ,-84.7317928075792 39.5158008953012 ,-84.7322085499765 39.5164340638922 ,-84.7323265671731 39.5164588939155 ,-84.7325304150583 39.5164175105385 ,-84.7328013181688 39.5163264670224))","","8206ffbd-e733-4c5f-b3cf-e58a392791a7","Permit_Inventory_Series","Personnel_Productivity","Space_Inventory","Zone_Polygons"
"150","Flower Hall Lot - Employee","Flower Hall Lot - Employee","132","True","d7d1007c-5c0b-4f24-981b-962389ed173b","EntryStation_Permission_Lot_Rel","Polygon ((-84.7321602702142 39.5163368128825 ,-84.7322461009027 39.5163078444703 ,-84.7319725155832 39.5159105621698 ,-84.731934964657 39.5157760650428 ,-84.7318062186243 39.5157636499103 ,-84.7318974137308 39.5159395307476 ,-84.7321602702142 39.5163368128825))","","2624e91d-ad91-bde6-85ed-0b33d64e95ce","Permit_Inventory_Series","Personnel_Productivity","Space_Inventory","Zone_Polygons"
"43","Fryman Lot","Fryman Lot","415","True","d7d1007c-5c0b-4f24-981b-962389ed173b","EntryStation_Permission_Lot_Rel","Polygon ((-84.7274154424669 39.5202391614083 ,-84.7273135185243 39.5200819130029 ,-84.7272813320161 39.5188156365516 ,-84.7257471084596 39.518844603918 ,-84.7257685661317 39.519916387981 ,-84.7266697883607 39.5200405317844 ,-84.7271472215654 39.5201688134815 ,-84.7272115945817 39.5202970949416 ,-84.7274154424669 39.5202391614083))","","84c5a72a-116a-4b84-ab61-57e498c52742","Permit_Inventory_Series","Personnel_Productivity","Space_Inventory","Zone_Polygons"
"44","Garden Commons Service Drive","Garden Commons Service Drive","313","True","d7d1007c-5c0b-4f24-981b-962389ed173b","EntryStation_Permission_Lot_Rel","Polygon ((-84.7304463386537 39.5119645151322 ,-84.7302961349489 39.5119707230382 ,-84.7302800416948 39.5118258717531 ,-84.7305670380594 39.5118258717531 ,-84.7305643558504 39.5118631192552 ,-84.7304892539979 39.5118651885603 ,-84.7304624319078 39.5118838123034 ,-84.7304704785348 39.5119272676844 ,-84.7304463386537 39.5119645151322))","","255a28e3-6b2f-4001-bc92-3718c5b07bc0","Permit_Inventory_Series","Personnel_Productivity","Space_Inventory","Zone_Polygons"
"45","Garrod Ln.","Garrod Ln.","249","True","d7d1007c-5c0b-4f24-981b-962389ed173b","EntryStation_Permission_Lot_Rel","Polygon ((-84.7330588102342 39.5010687853461 ,-84.7330480813982 39.5011391526145 ,-84.7322165966035 39.5011143171162 ,-84.7321790456773 39.5010812031046 ,-84.7322112321855 39.5010522283315 ,-84.7330588102342 39.5010687853461))","","8206ffbd-e733-4c5f-b3cf-e58a392791a7","Permit_Inventory_Series","Personnel_Productivity","Space_Inventory","Zone_Polygons"
"46","Geothermal Plant Lot","Geothermal Plant Lot","346","True","d7d1007c-5c0b-4f24-981b-962389ed173b","EntryStation_Permission_Lot_Rel","Polygon ((-84.72653567791 39.505783234808 ,-84.7265544533731 39.5058411803973 ,-84.7261977195741 39.5060191558339 ,-84.7262057662012 39.5061391855221 ,-84.7262272238733 39.5062178255502 ,-84.726168215275 39.5062198950234 ,-84.7261038422586 39.5061640192248 ,-84.7261092066766 39.5060874486129 ,-84.7261413931848 39.506021225313 ,-84.7261279821397 39.5059798357185 ,-84.7261252999307 39.5059343071361 ,-84.7261360287668 39.5059115428337 ,-84.72653567791 39.505783234808))","","2624e91d-ad91-bde6-85ed-0b33d64e95ce","Permit_Inventory_Series","Personnel_Productivity","Space_Inventory","Zone_Polygons"
"47","Glos Center Lot","Glos Center Lot","212","True","d7d1007c-5c0b-4f24-981b-962389ed173b","EntryStation_Permission_Lot_Rel","Polygon ((-84.7318089008333 39.5012571211105 ,-84.7316586971284 39.5012550514895 ,-84.7316935658456 39.5011143171162 ,-84.7317016124727 39.501014975034 ,-84.7317016124727 39.5009301202264 ,-84.7317069768907 39.5008701009097 ,-84.7316989302637 39.5008224993458 ,-84.7316265106203 39.5008224993458 ,-84.7316265106203 39.500741783576 ,-84.7316962480546 39.5007376443032 ,-84.7317016124727 39.5006838337347 ,-84.7316399216653 39.5006921122864 ,-84.7316372394563 39.5006217445654 ,-84.7316882014276 39.5006010481633 ,-84.731765985489 39.5006031178038 ,-84.731768667698 39.5007169479356 ,-84.7318732738496 39.5007148782985 ,-84.7318544983865 39.501077063852 ,-84.731757938862 39.5010812031046 ,-84.731757938862 39.501141222239 ,-84.7318249940874 39.501147431112 ,-84.7318089008333 39.5012571211105))","","2624e91d-ad91-bde6-85ed-0b33d64e95ce","Permit_Inventory_Series","Personnel_Productivity","Space_Inventory","Zone_Polygons"
"48","Goggin - South","Goggin - South","213","True","d7d1007c-5c0b-4f24-981b-962389ed173b","EntryStation_Permission_Lot_Rel","Polygon ((-84.7368326783182 39.5030928506758 ,-84.7371035814287 39.5031425202496 ,-84.7370767593385 39.5031921897879 ,-84.7367388010026 39.5031673550232 ,-84.7364678978921 39.503152868073 ,-84.7364625334741 39.5030762941433 ,-84.7368326783182 39.5030928506758))","","2624e91d-ad91-bde6-85ed-0b33d64e95ce","Permit_Inventory_Series","Personnel_Productivity","Space_Inventory","Zone_Polygons"
"49","Goggin - South Lot","Goggin - South Lot","215","True","d7d1007c-5c0b-4f24-981b-962389ed173b","EntryStation_Permission_Lot_Rel","Polygon ((-84.7371411323549 39.5030845724101 ,-84.7370982170106 39.5031404506847 ,-84.7373825311662 39.5032935983184 ,-84.7374281287195 39.5032480679761 ,-84.7371411323549 39.5030845724101))","","2624e91d-ad91-bde6-85ed-0b33d64e95ce","Permit_Inventory_Series","Personnel_Productivity","Space_Inventory","Zone_Polygons"
"50","Goggin Service Drive","Goggin Service Drive","214","True","d7d1007c-5c0b-4f24-981b-962389ed173b","EntryStation_Permission_Lot_Rel","Polygon ((-84.7373181581499 39.5032687635899 ,-84.7365403175355 39.5032749722729 ,-84.7365403175355 39.5031921897879 ,-84.7365429997446 39.5031632158949 ,-84.7367495298387 39.5031756332791 ,-84.7369211912157 39.5031901202245 ,-84.7369962930681 39.5032004680409 ,-84.7370901703836 39.5032066767299 ,-84.7371438145639 39.503183911534 ,-84.7372457385065 39.5032397897288 ,-84.7373181581499 39.5032687635899))","","255a28e3-6b2f-4001-bc92-3718c5b07bc0","Permit_Inventory_Series","Personnel_Productivity","Space_Inventory","Zone_Polygons"
"148","Hahne Hall","Hahne Hall","130","True","d7d1007c-5c0b-4f24-981b-962389ed173b","EntryStation_Permission_Lot_Rel","Polygon ((-84.7319135069849 39.5155215543822 ,-84.7319939732553 39.5155277619704 ,-84.7319805622102 39.5154429248839 ,-84.731934964657 39.515426371294 ,-84.7319269180299 39.5153870565021 ,-84.7317284345628 39.5153891257022 ,-84.7317311167718 39.5154532708756 ,-84.7318866848947 39.5154532708756 ,-84.7319135069849 39.5155215543822))","","2624e91d-ad91-bde6-85ed-0b33d64e95ce","Permit_Inventory_Series","Personnel_Productivity","Space_Inventory","Zone_Polygons"
"51","Hall Auditorium Service Drive","Hall Auditorium Service Drive","108","True","d7d1007c-5c0b-4f24-981b-962389ed173b","EntryStation_Permission_Lot_Rel","Polygon ((-84.7383266687395 39.5084942088422 ,-84.7383749485017 39.5084942088422 ,-84.7383669018747 39.5085914708307 ,-84.7384607791902 39.5085935402333 ,-84.7384822368623 39.5086494140783 ,-84.7384098172189 39.5086618304822 ,-84.7383400797845 39.5086928714823 ,-84.7383052110673 39.5086369976722 ,-84.7383266687395 39.5084942088422))","","255a28e3-6b2f-4001-bc92-3718c5b07bc0","Permit_Inventory_Series","Personnel_Productivity","Space_Inventory","Zone_Polygons"
"144","Hamilton Campus","Hamilton Campus","H1","True","1e96783f-9cfa-47ce-9be4-435c0e42994a","EntryStation_Permission_Lot_Rel","Polygon ((-84.5625615119936 39.3868890795466 ,-84.5617890357973 39.3868559111791 ,-84.5613169670106 39.3860930343745 ,-84.5617032051088 39.3786130831455 ,-84.559214115143 39.3784306352966 ,-84.5595145225526 39.3774520432418 ,-84.5606946945192 39.3768217563502 ,-84.5616173744203 39.3764236774867 ,-84.5620465278627 39.3757270340135 ,-84.56515789032 39.3757602076699 ,-84.5663595199586 39.3804872925285 ,-84.5625400543214 39.3809351050212 ,-84.562454223633 39.3832072945071 ,-84.5630335807802 39.383389729871 ,-84.5625615119936 39.3868890795466))","","40839836-feb7-4858-bbe8-71b206063473","Permit_Inventory_Series","Personnel_Productivity","Space_Inventory","Zone_Polygons"
"52","Hamilton Service Drive","Hamilton Service Drive","216","True","d7d1007c-5c0b-4f24-981b-962389ed173b","EntryStation_Permission_Lot_Rel","Polygon ((-84.7361513972284 39.5057459840465 ,-84.735716879368 39.505750123021 ,-84.7356846928598 39.5061122823341 ,-84.7361192107202 39.5061081433812 ,-84.7361513972284 39.5057459840465))","","255a28e3-6b2f-4001-bc92-3718c5b07bc0","Permit_Inventory_Series","Personnel_Productivity","Space_Inventory","Zone_Polygons"
"53","Hannah House Lot","Hannah House Lot","217","True","d7d1007c-5c0b-4f24-981b-962389ed173b","EntryStation_Permission_Lot_Rel","Polygon ((-84.7380074858667 39.5068531509347 ,-84.7380128502847 39.5069173039894 ,-84.7384661436082 39.5069255817986 ,-84.7384741902353 39.5067889978208 ,-84.7383105754854 39.5067972756453 ,-84.7382891178133 39.5068738454749 ,-84.7380074858667 39.5068531509347))","","2624e91d-ad91-bde6-85ed-0b33d64e95ce","Permit_Inventory_Series","Personnel_Productivity","Space_Inventory","Zone_Polygons"
"54","Harris Dining - South Lot","Harris Dining - South Lot","262","True","d7d1007c-5c0b-4f24-981b-962389ed173b","EntryStation_Permission_Lot_Rel","Polygon ((-84.7353520989419 39.5015323801557 ,-84.7354030609132 39.5014951271157 ,-84.7354513406755 39.5014909878877 ,-84.7354620695116 39.5011453614877 ,-84.7352233529092 39.5011391526145 ,-84.7352179884912 39.5014951271157 ,-84.7352823615076 39.5015013359571 ,-84.7352984547616 39.5015406586064 ,-84.7353520989419 39.5015323801557))","","8206ffbd-e733-4c5f-b3cf-e58a392791a7","Permit_Inventory_Series","Personnel_Productivity","Space_Inventory","Zone_Polygons"
"55","Harris Drive","Harris Drive","218","True","d7d1007c-5c0b-4f24-981b-962389ed173b","EntryStation_Permission_Lot_Rel","Polygon ((-84.7362452745439 39.501606886176 ,-84.7362506389619 39.5016938097654 ,-84.7332519292833 39.5016565568118 ,-84.7332680225374 39.5015075447979 ,-84.7362452745439 39.501606886176))","","8206ffbd-e733-4c5f-b3cf-e58a392791a7","Permit_Inventory_Series","Personnel_Productivity","Space_Inventory","Zone_Polygons"
"56","Havighurst - East","Havighurst - East","314","True","d7d1007c-5c0b-4f24-981b-962389ed173b","EntryStation_Permission_Lot_Rel","Polygon ((-84.7270179390581 39.5047791128576 ,-84.7267518638911 39.5048950056467 ,-84.7267025111798 39.5048320924464 ,-84.7269921897534 39.5047112326901 ,-84.7270179390581 39.5047791128576))","","2624e91d-ad91-bde6-85ed-0b33d64e95ce","Permit_Inventory_Series","Personnel_Productivity","Space_Inventory","Zone_Polygons"
"57","Havighurst - West","Havighurst - West","315","True","d7d1007c-5c0b-4f24-981b-962389ed173b","EntryStation_Permission_Lot_Rel","Polygon ((-84.7275785207422 39.5048420260743 ,-84.7274154424669 39.5049347402877 ,-84.7273102998408 39.5048072582519 ,-84.72736823549 39.5046963321327 ,-84.7274304627719 39.5046781203923 ,-84.7274862526866 39.5047294444219 ,-84.7275742291096 39.5047956689528 ,-84.7275785207422 39.5048503041307 ,-84.7275785207422 39.5048420260743))","","255a28e3-6b2f-4001-bc92-3718c5b07bc0","Permit_Inventory_Series","Personnel_Productivity","Space_Inventory","Zone_Polygons"
"58","Hepburn Hall Lot","Hepburn Hall Lot","109","True","d7d1007c-5c0b-4f24-981b-962389ed173b","EntryStation_Permission_Lot_Rel","Polygon ((-84.7331526875497 39.5139137703662 ,-84.7331500053407 39.5137461613966 ,-84.7334825992586 39.5137482306456 ,-84.7334906458856 39.513818585075 ,-84.7337266802789 39.5138061695926 ,-84.7338768839838 39.5138041003454 ,-84.7338232398035 39.5138785932086 ,-84.7338125109674 39.5139427397768 ,-84.7331526875497 39.5139137703662))","","2624e91d-ad91-bde6-85ed-0b33d64e95ce","Permit_Inventory_Series","Personnel_Productivity","Space_Inventory","Zone_Polygons"
"59","Heritage Commons - East","Heritage Commons - East","220","True","d7d1007c-5c0b-4f24-981b-962389ed173b","EntryStation_Permission_Lot_Rel","Polygon ((-84.7365832328798 39.5013150704738 ,-84.7365725040437 39.5015261713171 ,-84.7367441654207 39.5015427282189 ,-84.7368514537813 39.5015551458926 ,-84.7368568181993 39.5015923989005 ,-84.736811220646 39.5016151646178 ,-84.7367092967035 39.5016172342281 ,-84.7365912795068 39.5016172342281 ,-84.7365832328798 39.5017269234851 ,-84.7365725040437 39.501933883876 ,-84.7367817163469 39.5019483710803 ,-84.7369211912157 39.5019545798812 ,-84.7371089458467 39.5019566494813 ,-84.7373020648958 39.5019566494813 ,-84.737347662449 39.5019628582815 ,-84.737342298031 39.5018924918471 ,-84.7374469041826 39.501882143836 ,-84.7374522686006 39.5012612603523 ,-84.7373959422113 39.5011598488564 ,-84.7371116280557 39.5011557096085 ,-84.7369372844697 39.5011619184802 ,-84.7367012500764 39.5011619184802 ,-84.736626148224 39.5011619184802 ,-84.7365832328798 39.5013150704738))","","8206ffbd-e733-4c5f-b3cf-e58a392791a7","Permit_Inventory_Series","Personnel_Productivity","Space_Inventory","Zone_Polygons"
"60","Heritage Commons - West","Heritage Commons - West","221","True","d7d1007c-5c0b-4f24-981b-962389ed173b","EntryStation_Permission_Lot_Rel","Polygon ((-84.7388228774072 39.5020311550468 ,-84.7384634613992 39.5020311550468 ,-84.7384795546533 39.5012219375449 ,-84.739319086075 39.5012177983007 ,-84.739319086075 39.5015116840248 ,-84.7392681241037 39.5015178928647 ,-84.7392547130586 39.5016027469547 ,-84.7392493486406 39.5016979489812 ,-84.7388979792596 39.5017041578045 ,-84.7389033436777 39.501882143836 ,-84.7388362884523 39.5018924918471 ,-84.7388228774072 39.5020311550468))","","8206ffbd-e733-4c5f-b3cf-e58a392791a7","Permit_Inventory_Series","Personnel_Productivity","Space_Inventory","Zone_Polygons"
"61","Hillcrest Hall Service Drive","Hillcrest Hall Service Drive","344","True","d7d1007c-5c0b-4f24-981b-962389ed173b","EntryStation_Permission_Lot_Rel","Polygon ((-84.7268521785738 39.506362688527 ,-84.7267609834672 39.5064144252312 ,-84.7267073392869 39.5063813137449 ,-84.7266617417337 39.5064164946985 ,-84.7265625000001 39.5063461327735 ,-84.7266697883607 39.5062674928905 ,-84.7266805171968 39.5061143518105 ,-84.7266644239427 39.5059343071361 ,-84.7266429662706 39.5058949869727 ,-84.7267341613771 39.5058391109128 ,-84.7267261147501 39.5059632798738 ,-84.7267395257951 39.5060501980145 ,-84.7267609834672 39.5062592150029 ,-84.7268521785738 39.506362688527))","","255a28e3-6b2f-4001-bc92-3718c5b07bc0","Permit_Inventory_Series","Personnel_Productivity","Space_Inventory","Zone_Polygons"
"64","Hoyt Hall - East","Hoyt Hall - East","316","True","d7d1007c-5c0b-4f24-981b-962389ed173b","EntryStation_Permission_Lot_Rel","Polygon ((-84.7290408611299 39.5031797724067 ,-84.7290435433389 39.5030266245222 ,-84.7286465764047 39.5028734763002 ,-84.72852319479 39.5028217369597 ,-84.7283247113229 39.5027679280048 ,-84.728166460991 39.5027410235117 ,-84.7279947996141 39.5027182581633 ,-84.7278150916101 39.5027099798529 ,-84.7277748584749 39.5027472322418 ,-84.7278499603273 39.5029852331441 ,-84.7280243039133 39.5030059288362 ,-84.7281369566919 39.5030411114987 ,-84.7282898426057 39.5030576680395 ,-84.7284400463106 39.5030349027948 ,-84.7285312414171 39.5030121375427 ,-84.7286224365236 39.5030245549539 ,-84.7287324070932 39.5030825028435 ,-84.7288236021997 39.5031611463306 ,-84.728869199753 39.5032211636689 ,-84.7290408611299 39.5031797724067))","","2624e91d-ad91-bde6-85ed-0b33d64e95ce","Permit_Inventory_Series","Personnel_Productivity","Space_Inventory","Zone_Polygons"
"68","Hoyt Hall - West","Hoyt Hall - West","317","True","d7d1007c-5c0b-4f24-981b-962389ed173b","EntryStation_Permission_Lot_Rel","Polygon ((-84.7290703654291 39.5032335810427 ,-84.7291776537897 39.5032625549064 ,-84.7292795777322 39.5032666940288 ,-84.7293573617937 39.5032584157838 ,-84.7294405102731 39.5032459984144 ,-84.7295156121255 39.5032294419184 ,-84.7295826673509 39.503204607167 ,-84.7296470403673 39.5031942593512 ,-84.7297060489656 39.5031983984777 ,-84.7297489643098 39.5032066767299 ,-84.7298160195352 39.5032253027937 ,-84.7298374772073 39.5032273723561 ,-84.7298938035966 39.503204607167 ,-84.7299420833589 39.5031611463306 ,-84.729950129986 39.5030804332768 ,-84.7299259901048 39.5030514593372 ,-84.7298482060434 39.5030659463085 ,-84.7297918796541 39.5030493897696 ,-84.7297409176828 39.5030328332268 ,-84.7296524047853 39.5030266245222 ,-84.729596078396 39.5030411114987 ,-84.7295370697977 39.5030514593372 ,-84.7294673323633 39.5030597376069 ,-84.7294083237649 39.5030659463085 ,-84.7293546795846 39.5030680158756 ,-84.7292715311052 39.5030742245765 ,-84.7292017936708 39.5030762941433 ,-84.7291454672815 39.5030659463085 ,-84.7290730476381 39.5030431810665 ,-84.7290703654291 39.5032335810427))","","2624e91d-ad91-bde6-85ed-0b33d64e95ce","Permit_Inventory_Series","Personnel_Productivity","Space_Inventory","Zone_Polygons"
"132","Irvin Dr.","Irvin Dr.","110","True","d7d1007c-5c0b-4f24-981b-962389ed173b","EntryStation_Permission_Lot_Rel","Polygon ((-84.7351723909379 39.5073270543609 ,-84.7351670265199 39.5076623028677 ,-84.7352367639543 39.5076788583076 ,-84.7352153062822 39.5078278570893 ,-84.7351455688478 39.50783613479 ,-84.7351455688478 39.5079396059659 ,-84.7351938486101 39.5080430769877 ,-84.7352796792985 39.5081299925269 ,-84.7353762388231 39.5081962138171 ,-84.7354781627656 39.5082624350443 ,-84.7355103492738 39.5084486819072 ,-84.7355210781099 39.5086970102813 ,-84.7354942560197 39.5103152617824 ,-84.7353440523149 39.5103111230798 ,-84.7354298830034 39.5084072937586 ,-84.735360145569 39.5083121009232 ,-84.7352582216264 39.5082251856118 ,-84.735177755356 39.5081424090236 ,-84.7351187467576 39.5080306604732 ,-84.7350490093233 39.5079396059659 ,-84.7350651025774 39.507761635448 ,-84.7350597381593 39.5075091648616 ,-84.7350758314134 39.5073353321213 ,-84.7351723909379 39.5073270543609))","","255a28e3-6b2f-4001-bc92-3718c5b07bc0","Permit_Inventory_Series","Personnel_Productivity","Space_Inventory","Zone_Polygons"
"131","King Library Lot","King Library Lot","111","True","d7d1007c-5c0b-4f24-981b-962389ed173b","EntryStation_Permission_Lot_Rel","Polygon ((-84.7387933731081 39.5083741832219 ,-84.7383776307107 39.508363836176 ,-84.7383776307107 39.5085873320255 ,-84.7387933731081 39.5085976790381 ,-84.7387933731081 39.5083741832219))","","2624e91d-ad91-bde6-85ed-0b33d64e95ce","Permit_Inventory_Series","Personnel_Productivity","Space_Inventory","Zone_Polygons"
"137","Laws Driveway","Laws Driveway","112","True","d7d1007c-5c0b-4f24-981b-962389ed173b","EntryStation_Permission_Lot_Rel","Polygon ((-84.7327342629434 39.5103400939926 ,-84.7327449917795 39.5093033416656 ,-84.7327744960786 39.5092598846434 ,-84.7328630089761 39.5092309132802 ,-84.7329756617548 39.5092226357456 ,-84.7331017255785 39.5092391908138 ,-84.7331634163858 39.5092805784669 ,-84.7332492470743 39.509292994758 ,-84.7332733869554 39.509255745878 ,-84.733198285103 39.5092247051294 ,-84.7330722212793 39.509179178673 ,-84.7329273819925 39.5091667623615 ,-84.7327986359598 39.5091729705175 ,-84.732667207718 39.5091998725205 ,-84.732653796673 39.5103318165902 ,-84.7327342629434 39.5103400939926))","","255a28e3-6b2f-4001-bc92-3718c5b07bc0","Permit_Inventory_Series","Personnel_Productivity","Space_Inventory","Zone_Polygons"
"130","Lewis Place","Lewis Place","113","True","d7d1007c-5c0b-4f24-981b-962389ed173b","EntryStation_Permission_Lot_Rel","Polygon ((-84.7371008992197 39.5105077111796 ,-84.7371035814287 39.5107105067417 ,-84.7370472550394 39.5107208534382 ,-84.7370472550394 39.5108284589903 ,-84.7370204329492 39.5108325976621 ,-84.7370284795763 39.511020906966 ,-84.736988246441 39.5110271149564 ,-84.7369962930681 39.5113706228907 ,-84.7371330857278 39.5113747615302 ,-84.7371384501459 39.5112361169742 ,-84.7372189164163 39.5113044046259 ,-84.7372215986253 39.5112112850842 ,-84.7372296452524 39.5111781758837 ,-84.7371464967729 39.5111160960903 ,-84.7371545434 39.5109484803711 ,-84.737165272236 39.5107249921164 ,-84.737159907818 39.5104973644513 ,-84.7371008992197 39.5105077111796))","","255a28e3-6b2f-4001-bc92-3718c5b07bc0","Permit_Inventory_Series","Personnel_Productivity","Space_Inventory","Zone_Polygons"
"136","Lottie Moon House","Lottie Moon House","128","True","d7d1007c-5c0b-4f24-981b-962389ed173b","EntryStation_Permission_Lot_Rel","Polygon ((-84.7382032871248 39.5105118498704 ,-84.7382059693338 39.5110457389241 ,-84.7379779815675 39.511035392276 ,-84.7379860281946 39.5108119043008 ,-84.7381469607355 39.5107932802705 ,-84.7381442785264 39.5105139192158 ,-84.7382032871248 39.5105118498704))","","255a28e3-6b2f-4001-bc92-3718c5b07bc0","Permit_Inventory_Series","Personnel_Productivity","Space_Inventory","Zone_Polygons"
"133","MacCracken Service Drive","MacCracken Service Drive","222","True","d7d1007c-5c0b-4f24-981b-962389ed173b","EntryStation_Permission_Lot_Rel","Polygon ((-84.7342282533647 39.5039455067669 ,-84.7342282533647 39.5039910366523 ,-84.7340190410615 39.5039889671127 ,-84.7340136766435 39.5036930223156 ,-84.7341665625574 39.5036930223156 ,-84.7341719269754 39.503763386927 ,-84.7342336177827 39.5037613173807 ,-84.7342282533647 39.5039455067669))","","255a28e3-6b2f-4001-bc92-3718c5b07bc0","Permit_Inventory_Series","Personnel_Productivity","Space_Inventory","Zone_Polygons"
"134","MacMillan Hall Lot","MacMillan Hall Lot","223","True","d7d1007c-5c0b-4f24-981b-962389ed173b","EntryStation_Permission_Lot_Rel","Polygon ((-84.7332707047464 39.5065013428076 ,-84.734281897545 39.5065158290597 ,-84.7342658042909 39.5067289835638 ,-84.7339117527009 39.5066462051933 ,-84.7337883710863 39.5066462051933 ,-84.7335872054101 39.5066462051933 ,-84.7334262728693 39.5066482746537 ,-84.7333243489267 39.5066441357327 ,-84.7332546114923 39.5066420662722 ,-84.7332707047464 39.5065013428076))","","4a178ace-6815-46f5-b1c5-043b21626999","Permit_Inventory_Series","Personnel_Productivity","Space_Inventory","Zone_Polygons"
"141","Maple St.","Maple St.","224","True","d7d1007c-5c0b-4f24-981b-962389ed173b","EntryStation_Permission_Lot_Rel","Polygon ((-84.7332465648653 39.5036019621245 ,-84.7329998016359 39.5035854057133 ,-84.7330319881441 39.5005389589201 ,-84.7333109378816 39.5005472374891 ,-84.7332465648653 39.5036019621245))","","8206ffbd-e733-4c5f-b3cf-e58a392791a7","Permit_Inventory_Series","Personnel_Productivity","Space_Inventory","Zone_Polygons"
"143","Maple St. - Employee","Maple St. - Employee","265","True","d7d1007c-5c0b-4f24-981b-962389ed173b","EntryStation_Permission_Lot_Rel","Polygon ((-84.733198285103 39.505050632833 ,-84.7329354286195 39.505050632833 ,-84.7329837083818 39.5036640486314 ,-84.7332197427751 39.5036847441214 ,-84.733198285103 39.505050632833))","","2624e91d-ad91-bde6-85ed-0b33d64e95ce","Permit_Inventory_Series","Personnel_Productivity","Space_Inventory","Zone_Polygons"
"142","Maple St. - Meters","Maple St. - Meters","264","True","d7d1007c-5c0b-4f24-981b-962389ed173b","EntryStation_Permission_Lot_Rel","Polygon ((-84.7331500053407 39.506557218335 ,-84.7329032421113 39.5065820518883 ,-84.7329461574556 39.5050423548005 ,-84.733192920685 39.505050632833 ,-84.7331500053407 39.506557218335))","","4a178ace-6815-46f5-b1c5-043b21626999","Permit_Inventory_Series","Personnel_Productivity","Space_Inventory","Zone_Polygons"
"135","Maple Street Station Service Drive","Maple Street Station Service Drive","257","True","d7d1007c-5c0b-4f24-981b-962389ed173b","EntryStation_Permission_Lot_Rel","Polygon ((-84.7325518727304 39.503661979082 ,-84.7323614358903 39.5036847441214 ,-84.7323641180994 39.5038109864767 ,-84.7325733304025 39.5038234037452 ,-84.7325518727304 39.503661979082))","","255a28e3-6b2f-4001-bc92-3718c5b07bc0","Permit_Inventory_Series","Personnel_Productivity","Space_Inventory","Zone_Polygons"
"129","Marcum Conference Center Lot","Marcum Conference Center Lot","319","True","d7d1007c-5c0b-4f24-981b-962389ed173b","EntryStation_Permission_Lot_Rel","Polygon ((-84.7278177738191 39.5136778761448 ,-84.727611243725 39.5136758068937 ,-84.7276058793069 39.5140834481705 ,-84.727793633938 39.5140875866483 ,-84.7278177738191 39.5136778761448))","","2624e91d-ad91-bde6-85ed-0b33d64e95ce","Permit_Inventory_Series","Personnel_Productivity","Space_Inventory","Zone_Polygons"
"128","Marcum Dr./Circle","Marcum Dr./Circle","320","True","d7d1007c-5c0b-4f24-981b-962389ed173b","EntryStation_Permission_Lot_Rel","Polygon ((-84.727259874344 39.5125956494065 ,-84.7273322939874 39.5126763514084 ,-84.727442264557 39.512730152691 ,-84.727621972561 39.5127798153763 ,-84.7277292609216 39.5127777460985 ,-84.7278741002084 39.5127694689865 ,-84.7280055284502 39.5127508454809 ,-84.7280967235567 39.5127177370141 ,-84.728158414364 39.5126887670927 ,-84.7281047701837 39.512645312188 ,-84.727976024151 39.512707390615 ,-84.7278633713724 39.5127218755733 ,-84.727793633938 39.5127239448528 ,-84.7276675701143 39.5127280834116 ,-84.7276353836061 39.5127239448528 ,-84.7274824976923 39.5126866978121 ,-84.7273778915407 39.5126370350602 ,-84.7273081541063 39.5125563330126 ,-84.727259874344 39.5125956494065))","","2624e91d-ad91-bde6-85ed-0b33d64e95ce","Permit_Inventory_Series","Personnel_Productivity","Space_Inventory","Zone_Polygons"
"127","Martin Dining Service Drive","Martin Dining Service Drive","114","True","d7d1007c-5c0b-4f24-981b-962389ed173b","EntryStation_Permission_Lot_Rel","Polygon ((-84.7343677282335 39.5150456376368 ,-84.734273850918 39.5150435684265 ,-84.7341665625574 39.515031153163 ,-84.7340887784959 39.5150083918409 ,-84.7339788079263 39.514981492087 ,-84.7339037060739 39.5149856305114 ,-84.7338286042215 39.5150270147414 ,-84.7338017821313 39.515066329737 ,-84.7337937355043 39.5151118523358 ,-84.7338286042215 39.5151304752085 ,-84.7338446974756 39.5151449596616 ,-84.733917117119 39.5151449596616 ,-84.733922481537 39.5152318663168 ,-84.7338634729387 39.515229797112 ,-84.7338393330575 39.5152670427892 ,-84.7337749600412 39.5152691119929 ,-84.7337695956232 39.5152339355216 ,-84.7337132692338 39.5152463507488 ,-84.7336569428445 39.5152960116354 ,-84.733568429947 39.5152484199531 ,-84.7336488962175 39.5151842745905 ,-84.7336864471437 39.5151656517322 ,-84.7336784005167 39.5151118523358 ,-84.7336703538896 39.5150766757848 ,-84.7336542606355 39.5150435684265 ,-84.7336462140085 39.5150063226295 ,-84.7336381673814 39.5149359694028 ,-84.7338286042215 39.5149214849062 ,-84.7339627146722 39.5149194156921 ,-84.73410487175 39.51494631547 ,-84.7341987490655 39.5149670075998 ,-84.7343489527704 39.51497528445 ,-84.7343677282335 39.5150456376368))","","255a28e3-6b2f-4001-bc92-3718c5b07bc0","Permit_Inventory_Series","Personnel_Productivity","Space_Inventory","Zone_Polygons"
"124","McFarland","McFarland","127","True","d7d1007c-5c0b-4f24-981b-962389ed173b","EntryStation_Permission_Lot_Rel","Polygon ((-84.7341290116312 39.5139717091752 ,-84.7340700030328 39.513965501448 ,-84.734107553959 39.5138992856564 ,-84.7343730926515 39.5138744547183 ,-84.7343730926515 39.5139261858293 ,-84.7341772913934 39.5139241165856 ,-84.7341290116312 39.5139717091752))","","255a28e3-6b2f-4001-bc92-3718c5b07bc0","Permit_Inventory_Series","Personnel_Productivity","Space_Inventory","Zone_Polygons"
"121","McGuffey Drive","McGuffey Drive","225","True","d7d1007c-5c0b-4f24-981b-962389ed173b","EntryStation_Permission_Lot_Rel","Polygon ((-84.7375327348711 39.5073249849207 ,-84.7374844551088 39.507918911743 ,-84.7375032305719 39.5079582307612 ,-84.7375541925432 39.5079996191773 ,-84.7376561164857 39.5080554934999 ,-84.7377821803094 39.5081279231105 ,-84.7379511594774 39.5082148385436 ,-84.7380906343462 39.5082686432811 ,-84.7381764650346 39.5082831291648 ,-84.7383132576944 39.5082831291648 ,-84.7384795546533 39.5082914068113 ,-84.7386538982393 39.5082955456342 ,-84.7388362884523 39.5083038232792 ,-84.7390186786653 39.5083058926903 ,-84.7391259670259 39.5083100315123 ,-84.7391903400423 39.5083038232792 ,-84.7391796112062 39.508363836176 ,-84.7389087080957 39.5083617667666 ,-84.7382140159608 39.5083472808993 ,-84.7380182147027 39.5083100315123 ,-84.7377821803094 39.5081982832314 ,-84.7375568747522 39.5080720488461 ,-84.7374764084817 39.5080099662774 ,-84.7374173998834 39.5079478836533 ,-84.7374495863916 39.5073249849207 ,-84.7375327348711 39.5073249849207))","","255a28e3-6b2f-4001-bc92-3718c5b07bc0","Permit_Inventory_Series","Personnel_Productivity","Space_Inventory","Zone_Polygons"
"120","McGuffey Hall Lot","McGuffey Hall Lot","226","True","d7d1007c-5c0b-4f24-981b-962389ed173b","EntryStation_Permission_Lot_Rel","Polygon ((-84.7376534342767 39.5079168423204 ,-84.7380852699281 39.5079561613397 ,-84.7380959987642 39.5077554271659 ,-84.7377821803094 39.5077368023162 ,-84.7376400232316 39.5077947462765 ,-84.7376534342767 39.5079168423204))","","2624e91d-ad91-bde6-85ed-0b33d64e95ce","Permit_Inventory_Series","Personnel_Productivity","Space_Inventory","Zone_Polygons"
"116","McKee Hall Service Drive","McKee Hall Service Drive","322","True","d7d1007c-5c0b-4f24-981b-962389ed173b","EntryStation_Permission_Lot_Rel","Polygon ((-84.7259429097177 39.5029831635746 ,-84.7259429097177 39.5033142939187 ,-84.7261601686479 39.5032480679761 ,-84.7260957956316 39.5030224853855 ,-84.7260233759881 39.5029810940049 ,-84.7259429097177 39.5029831635746))","","255a28e3-6b2f-4001-bc92-3718c5b07bc0","Permit_Inventory_Series","Personnel_Productivity","Space_Inventory","Zone_Polygons"
"114","Miami Inn Lot","Miami Inn Lot","116","True","d7d1007c-5c0b-4f24-981b-962389ed173b","EntryStation_Permission_Lot_Rel","Polygon ((-84.7308138012887 39.5125832337055 ,-84.7312456369401 39.5125873722727 ,-84.7312617301942 39.5126391043422 ,-84.7313234210016 39.5126432429061 ,-84.7312939167024 39.5129474266774 ,-84.7312510013582 39.5130239897298 ,-84.7311168909074 39.5130219204592 ,-84.7309827804567 39.5130219204592 ,-84.7308138012887 39.5130198511886 ,-84.7308138012887 39.5125832337055))","","2624e91d-ad91-bde6-85ed-0b33d64e95ce","Permit_Inventory_Series","Personnel_Productivity","Space_Inventory","Zone_Polygons"
"145","Middletown Campus","Middletown Campus","M1","True","999a616b-739b-448e-acc3-cdf1c2c59a20","EntryStation_Permission_Lot_Rel","Polygon ((-84.3648290634157 39.5263053675599 ,-84.3630695343019 39.5270998109775 ,-84.3602156639101 39.5274970292779 ,-84.3571686744691 39.5273149711723 ,-84.3557524681093 39.5269012009752 ,-84.3553876876832 39.5253619541963 ,-84.3562674522401 39.5245012852112 ,-84.3555378913881 39.5240543951848 ,-84.355516433716 39.5229288816358 ,-84.3529629707338 39.5223330141369 ,-84.3530273437501 39.5219357662974 ,-84.3557310104372 39.5226309485254 ,-84.3559241294862 39.5221674944799 ,-84.3588209152223 39.5232433651991 ,-84.3586492538454 39.5236075022827 ,-84.359850883484 39.5242695648158 ,-84.3611383438112 39.5243192192513 ,-84.3648290634157 39.5263053675599))","","40839836-feb7-4858-bbe8-71b206063473","Permit_Inventory_Series","Personnel_Productivity","Space_Inventory","Zone_Polygons"
"62","Millett Hall - East Lot","Millett Hall - East Lot","403","True","d7d1007c-5c0b-4f24-981b-962389ed173b","EntryStation_Permission_Lot_Rel","Polygon ((-84.7336585521045 39.5176329300363 ,-84.7338087558093 39.5173912548764 ,-84.7337915896061 39.5169045912471 ,-84.7334439753833 39.5169079019707 ,-84.7334568497901 39.5168251357271 ,-84.7329804895345 39.5168284463282 ,-84.732667207718 39.5170601916139 ,-84.7327229974691 39.5173084892087 ,-84.7330791949572 39.5175700283694 ,-84.7336585521045 39.5176329300363))","","2624e91d-ad91-bde6-85ed-0b33d64e95ce","Permit_Inventory_Series","Personnel_Productivity","Space_Inventory","Zone_Polygons"
"63","Millett Hall - East Meters","Millett Hall - East Meters","416","True","d7d1007c-5c0b-4f24-981b-962389ed173b","EntryStation_Permission_Lot_Rel","Polygon ((-84.7337894437079 39.5168979700519 ,-84.7334504127504 39.5169045912471 ,-84.7334418294851 39.5168118930685 ,-84.7337894437079 39.5168052717382 ,-84.7337894437079 39.5168979700519))","","4a178ace-6815-46f5-b1c5-043b21626999","Permit_Inventory_Series","Personnel_Productivity","Space_Inventory","Zone_Polygons"
"66","Millett Hall - North Lot","Millett Hall - North Lot","404","True","d7d1007c-5c0b-4f24-981b-962389ed173b","EntryStation_Permission_Lot_Rel","Polygon ((-84.735749602187 39.5178746043555 ,-84.7357667683902 39.517579960192 ,-84.7357796429607 39.5175038160135 ,-84.7353504895183 39.5175071265823 ,-84.7353590726199 39.5176594149118 ,-84.7348054646137 39.5177752862335 ,-84.7343806026403 39.5177620438192 ,-84.7339900730732 39.5176064451508 ,-84.7337883710863 39.5175402327665 ,-84.7335394619587 39.5176726574088 ,-84.734479308063 39.5180666190265 ,-84.7347410915974 39.5180732401734 ,-84.7352432011577 39.5178712938042 ,-84.735749602187 39.5178746043555))","","2624e91d-ad91-bde6-85ed-0b33d64e95ce","Permit_Inventory_Series","Personnel_Productivity","Space_Inventory","Zone_Polygons"
"67","Millett Hall - RV Lot","Millett Hall - RV Lot","422","True","d7d1007c-5c0b-4f24-981b-962389ed173b","EntryStation_Permission_Lot_Rel","Polygon ((-84.7364169359209 39.5164220627049 ,-84.736438393593 39.5155977007337 ,-84.7360349892917 39.515584457841 ,-84.7359834906821 39.5164485480735 ,-84.7364169359209 39.5164220627049))","","30794165-2ecc-47dc-9b48-e3ed39640656","Permit_Inventory_Series","Personnel_Productivity","Space_Inventory","Zone_Polygons"
"139","Millett Hall - West Lot","Millett Hall - West Lot","405","True","d7d1007c-5c0b-4f24-981b-962389ed173b","EntryStation_Permission_Lot_Rel","Polygon ((-84.7383213043214 39.5187742545787 ,-84.7359824180604 39.5187908073708 ,-84.7359824180604 39.5164568247472 ,-84.7383642196657 39.5164568247472 ,-84.7383213043214 39.5187742545787))","","30794165-2ecc-47dc-9b48-e3ed39640656","Permit_Inventory_Series","Personnel_Productivity","Space_Inventory","Zone_Polygons"
"69","Minnich Hall Service Drive","Minnich Hall Service Drive","227","True","d7d1007c-5c0b-4f24-981b-962389ed173b","EntryStation_Permission_Lot_Rel","Polygon ((-84.733585059512 39.5054401131433 ,-84.7335979342462 39.5052911092417 ,-84.733413398135 39.5052894536347 ,-84.7333425879152 39.5053623000219 ,-84.7331709265383 39.5053473996358 ,-84.7331752180072 39.50542355717 ,-84.733585059512 39.5054401131433))","","255a28e3-6b2f-4001-bc92-3718c5b07bc0","Permit_Inventory_Series","Personnel_Productivity","Space_Inventory","Zone_Polygons"
"70","Morris Hall Service Drive","Morris Hall Service Drive","229","True","d7d1007c-5c0b-4f24-981b-962389ed173b","EntryStation_Permission_Lot_Rel","Polygon ((-84.7329724430712 39.5021561586368 ,-84.7325218319567 39.5021429132452 ,-84.7325196862222 39.5022521877606 ,-84.7322815059307 39.5022538434084 ,-84.732305109501 39.5020485396546 ,-84.7329874633762 39.5020551623597 ,-84.7329724430712 39.5021561586368))","","255a28e3-6b2f-4001-bc92-3718c5b07bc0","Permit_Inventory_Series","Personnel_Productivity","Space_Inventory","Zone_Polygons"
"71","Murstein Alumni Center Lot","Murstein Alumni Center Lot","407","True","d7d1007c-5c0b-4f24-981b-962389ed173b","EntryStation_Permission_Lot_Rel","Polygon ((-84.7314054965319 39.5002951546235 ,-84.7311308382633 39.5002984660597 ,-84.7311308382633 39.4995318636365 ,-84.7316200732531 39.4995302079239 ,-84.7316179275187 39.499790158241 ,-84.7314097880009 39.4998017483748 ,-84.7314054965319 39.5002951546235))","","2624e91d-ad91-bde6-85ed-0b33d64e95ce","Permit_Inventory_Series","Personnel_Productivity","Space_Inventory","Zone_Polygons"
"72","North Garage","North Garage","117","True","d7d1007c-5c0b-4f24-981b-962389ed173b","EntryStation_Permission_Lot_Rel","Polygon ((-84.7331585882786 39.5117447549078 ,-84.7331886288886 39.5107415468266 ,-84.7319312094989 39.5106985045971 ,-84.7319612501089 39.5117414440012 ,-84.7331585882786 39.5117447549078))","","4a178ace-6815-46f5-b1c5-043b21626999","Permit_Inventory_Series","Personnel_Productivity","Space_Inventory","Zone_Polygons"
"73","Oak St.","Oak St.","261","True","d7d1007c-5c0b-4f24-981b-962389ed173b","EntryStation_Permission_Lot_Rel","Polygon ((-84.736149787641 39.5037741484662 ,-84.7360639569526 39.5066813860128 ,-84.7364072797065 39.506674763717 ,-84.7364759445192 39.50378739361 ,-84.736149787641 39.5037741484662))","","2624e91d-ad91-bde6-85ed-0b33d64e95ce","Permit_Inventory_Series","Personnel_Productivity","Space_Inventory","Zone_Polygons"
"74","Patterson Ave.","Patterson Ave.","323","True","d7d1007c-5c0b-4f24-981b-962389ed173b","EntryStation_Permission_Lot_Rel","Polygon ((-84.7305943964604 39.5104311453542 ,-84.7305386063819 39.5149388662892 ,-84.7307274336346 39.5149322447804 ,-84.7307789325716 39.5104857761644 ,-84.7305943964604 39.5104311453542))","","2624e91d-ad91-bde6-85ed-0b33d64e95ce","Permit_Inventory_Series","Personnel_Productivity","Space_Inventory","Zone_Polygons"
"75","Patterson Place Lot","Patterson Place Lot","325","True","d7d1007c-5c0b-4f24-981b-962389ed173b","EntryStation_Permission_Lot_Rel","Polygon ((-84.7291653153663 39.5050498049793 ,-84.7291052341463 39.505318012716 ,-84.7293841838838 39.5056458208014 ,-84.7294528483691 39.5056325760117 ,-84.7298648356083 39.5056954885505 ,-84.7297403810445 39.5054537717994 ,-84.7293970582906 39.5053974815231 ,-84.7293069361332 39.5050464938169 ,-84.7291653153663 39.5050498049793))","","2624e91d-ad91-bde6-85ed-0b33d64e95ce","Permit_Inventory_Series","Personnel_Productivity","Space_Inventory","Zone_Polygons"
"76","Peabody Hall - East Lot","Peabody Hall - East Lot","327","True","d7d1007c-5c0b-4f24-981b-962389ed173b","EntryStation_Permission_Lot_Rel","Polygon ((-84.7257063386861 39.5012517400831 ,-84.7253801821354 39.5012517400831 ,-84.7252385613685 39.5010994157876 ,-84.7254102227454 39.5009901394913 ,-84.7254316804175 39.5010994157876 ,-84.7257235048893 39.5010861701947 ,-84.7257063386861 39.5012517400831))","","255a28e3-6b2f-4001-bc92-3718c5b07bc0","Permit_Inventory_Series","Personnel_Productivity","Space_Inventory","Zone_Polygons"
"77","Peabody Hall - North Lot","Peabody Hall - North Lot","328","True","d7d1007c-5c0b-4f24-981b-962389ed173b","EntryStation_Permission_Lot_Rel","Polygon ((-84.7257814407023 39.5017898394965 ,-84.7254939078631 39.5017931508772 ,-84.7254981993321 39.5016722858201 ,-84.7258007526399 39.5016888426871 ,-84.7257814407023 39.5017898394965))","","2624e91d-ad91-bde6-85ed-0b33d64e95ce","Permit_Inventory_Series","Personnel_Productivity","Space_Inventory","Zone_Polygons"
"78","Peabody Hall Driveway","Peabody Hall Driveway","326","True","d7d1007c-5c0b-4f24-981b-962389ed173b","EntryStation_Permission_Lot_Rel","Polygon ((-84.725920915571 39.501685531333 ,-84.7254960535976 39.5016722858201 ,-84.7250647544207 39.5017782497258 ,-84.7250454424831 39.5016987768117 ,-84.7255067824337 39.5015895014261 ,-84.7259337901416 39.5015928128164 ,-84.725920915571 39.501685531333))","","255a28e3-6b2f-4001-bc92-3718c5b07bc0","Permit_Inventory_Series","Personnel_Productivity","Space_Inventory","Zone_Polygons"
"79","Pearson Hall Lot","Pearson Hall Lot","119","True","d7d1007c-5c0b-4f24-981b-962389ed173b","EntryStation_Permission_Lot_Rel","Polygon ((-84.732927918467 39.5123771327491 ,-84.7321876286152 39.5123738218727 ,-84.7322090862873 39.5117745529017 ,-84.7329601049752 39.5117728974807 ,-84.732927918467 39.5123771327491))","","2624e91d-ad91-bde6-85ed-0b33d64e95ce","Permit_Inventory_Series","Personnel_Productivity","Space_Inventory","Zone_Polygons"
"80","Pearson Service Drive","Pearson Service Drive","129","True","d7d1007c-5c0b-4f24-981b-962389ed173b","EntryStation_Permission_Lot_Rel","Polygon ((-84.7308293579046 39.5115432039343 ,-84.7308315038028 39.5114389104102 ,-84.7313915490123 39.5114422213312 ,-84.7313851118089 39.5115564475657 ,-84.7308293579046 39.5115432039343))","","255a28e3-6b2f-4001-bc92-3718c5b07bc0","Permit_Inventory_Series","Personnel_Productivity","Space_Inventory","Zone_Polygons"
"81","Peffer Park Lot","Peffer Park Lot","409","True","d7d1007c-5c0b-4f24-981b-962389ed173b","EntryStation_Permission_Lot_Rel","Polygon ((-84.7308534979494 39.4980122935593 ,-84.7307891249331 39.4978351255574 ,-84.7302033304187 39.4979261933043 ,-84.7301260828318 39.4980040146884 ,-84.7289866803114 39.4979245374903 ,-84.7290531992259 39.498037130166 ,-84.7294008134487 39.4981033611056 ,-84.7299050687435 39.4981215746006 ,-84.730246245763 39.4981132957427 ,-84.7302827239038 39.4981662803971 ,-84.7308534979494 39.4980122935593))","","30794165-2ecc-47dc-9b48-e3ed39640656","Permit_Inventory_Series","Personnel_Productivity","Space_Inventory","Zone_Polygons"
"82","Phillips Hall Lot","Phillips Hall Lot","232","True","d7d1007c-5c0b-4f24-981b-962389ed173b","EntryStation_Permission_Lot_Rel","Polygon ((-84.7378052472415 39.5059487935065 ,-84.7378009557725 39.5055613855084 ,-84.7375005483629 39.5055547631059 ,-84.7374962565665 39.5059587269906 ,-84.7378052472415 39.5059487935065))","","2624e91d-ad91-bde6-85ed-0b33d64e95ce","Permit_Inventory_Series","Personnel_Productivity","Space_Inventory","Zone_Polygons"
"138","Police Services Center Lot","Police Services Center Lot","410","True","d7d1007c-5c0b-4f24-981b-962389ed173b","EntryStation_Permission_Lot_Rel","Polygon ((-84.7213670611383 39.5074201791084 ,-84.7211793065073 39.5074263874204 ,-84.7211658954622 39.5071697767263 ,-84.7206294536592 39.5071780545054 ,-84.7206723690034 39.5074098319204 ,-84.7204846143724 39.5074139707958 ,-84.7204658389093 39.5071118322448 ,-84.7205677628519 39.5071014850109 ,-84.7205489873888 39.5069276512507 ,-84.720782339573 39.5069276512507 ,-84.7207877039911 39.5070911377754 ,-84.7209727764131 39.5070849294334 ,-84.7209808230402 39.5069048872738 ,-84.7212678194047 39.5069131650844 ,-84.7212705016138 39.507062165508 ,-84.7211873531343 39.5070787210909 ,-84.7212034463884 39.5071490822741 ,-84.7213429212572 39.5071573600557 ,-84.7213670611383 39.5074201791084))","","2624e91d-ad91-bde6-85ed-0b33d64e95ce","Permit_Inventory_Series","Personnel_Productivity","Space_Inventory","Zone_Polygons"
"83","Porter Hall Service Drive","Porter Hall Service Drive","233","True","d7d1007c-5c0b-4f24-981b-962389ed173b","EntryStation_Permission_Lot_Rel","Polygon ((-84.7361095546695 39.5045903727078 ,-84.7359614966992 39.5045837502443 ,-84.7359614966992 39.5046615642374 ,-84.7358391880336 39.5046632198594 ,-84.7358434795025 39.5044777906477 ,-84.7359700798008 39.5044811019004 ,-84.7359700798008 39.5045224923875 ,-84.7361202835056 39.504515869886 ,-84.7361095546695 39.5045903727078))","","255a28e3-6b2f-4001-bc92-3718c5b07bc0","Permit_Inventory_Series","Personnel_Productivity","Space_Inventory","Zone_Polygons"
"149","Presidents Hall","Presidents Hall","131","True","d7d1007c-5c0b-4f24-981b-962389ed173b","EntryStation_Permission_Lot_Rel","Polygon ((-84.7316104173662 39.5154677552614 ,-84.7316372394563 39.515229797112 ,-84.731757938862 39.51494631547 ,-84.7318223118783 39.5147952627358 ,-84.7318384051324 39.5146669711146 ,-84.7316077351572 39.5146855941066 ,-84.7316077351572 39.5148035396065 ,-84.7316989302637 39.5148594084576 ,-84.731575548649 39.5151739285588 ,-84.7315165400506 39.5154801704468 ,-84.7316104173662 39.5154677552614))","","255a28e3-6b2f-4001-bc92-3718c5b07bc0","Permit_Inventory_Series","Personnel_Productivity","Space_Inventory","Zone_Polygons"
"103","Presser Hall Lot","Presser Hall Lot","329","True","d7d1007c-5c0b-4f24-981b-962389ed173b","EntryStation_Permission_Lot_Rel","Polygon ((-84.7306668161038 39.5041127254787 ,-84.7300209402057 39.5041110698436 ,-84.7300123571041 39.5039786194138 ,-84.7294802067701 39.5039753081372 ,-84.7294051049177 39.5040415333868 ,-84.7293965219798 39.5041739836967 ,-84.7294372914259 39.5043461687158 ,-84.7297419904682 39.5043478243453 ,-84.729975879127 39.504241864389 ,-84.7306603789004 39.5042567650122 ,-84.7306668161038 39.5041127254787))","","2624e91d-ad91-bde6-85ed-0b33d64e95ce","Permit_Inventory_Series","Personnel_Productivity","Space_Inventory","Zone_Polygons"
"84","Rec Sports Center - South Lot","Rec Sports Center - South Lot","234","True","d7d1007c-5c0b-4f24-981b-962389ed173b","EntryStation_Permission_Lot_Rel","Polygon ((-84.7377811073603 39.502189272152 ,-84.7377789616259 39.5018233671166 ,-84.7374914287867 39.5018150886996 ,-84.7374849914196 39.5018945614491 ,-84.737366974223 39.5019061512004 ,-84.737366974223 39.5019740341078 ,-84.7365816236199 39.5019475432211 ,-84.7366159556988 39.5021743710697 ,-84.7377811073603 39.502189272152))","","2624e91d-ad91-bde6-85ed-0b33d64e95ce","Permit_Inventory_Series","Personnel_Productivity","Space_Inventory","Zone_Polygons"
"85","Rec Sports Center - West Lot","Rec Sports Center - West Lot","235","True","d7d1007c-5c0b-4f24-981b-962389ed173b","EntryStation_Permission_Lot_Rel","Polygon ((-84.7392928004594 39.5030402836684 ,-84.7393206953349 39.5023035136134 ,-84.7388443350793 39.5023101362627 ,-84.7388765215875 39.5029657791689 ,-84.7392928004594 39.5030402836684))","","2624e91d-ad91-bde6-85ed-0b33d64e95ce","Permit_Inventory_Series","Personnel_Productivity","Space_Inventory","Zone_Polygons"
"86","Richard Hall Service Drive","Richard Hall Service Drive","236","True","d7d1007c-5c0b-4f24-981b-962389ed173b","EntryStation_Permission_Lot_Rel","Polygon ((-84.7361910938891 39.5031371393682 ,-84.7361889481546 39.5030460784487 ,-84.7359851002695 39.5030560123477 ,-84.7359486221286 39.5029450834965 ,-84.7358027100564 39.5029517060845 ,-84.735830604932 39.5030245549539 ,-84.7357254623059 39.5030278662758 ,-84.7357233165714 39.5031685967427 ,-84.7358563542367 39.5031702524002 ,-84.735925018722 39.5031288611077 ,-84.7361910938891 39.5031371393682))","","255a28e3-6b2f-4001-bc92-3718c5b07bc0","Permit_Inventory_Series","Personnel_Productivity","Space_Inventory","Zone_Polygons"
"101","Roudebush Hall Lot","Roudebush Hall Lot","121","True","d7d1007c-5c0b-4f24-981b-962389ed173b","EntryStation_Permission_Lot_Rel","Polygon ((-84.733679473302 39.5096948674781 ,-84.7338640092495 39.5096965230117 ,-84.7338683008822 39.5100342433117 ,-84.7339734435083 39.5100392097619 ,-84.7339884638133 39.5093290019771 ,-84.7336837649347 39.5096087816958 ,-84.733679473302 39.5096948674781))","","2624e91d-ad91-bde6-85ed-0b33d64e95ce","Permit_Inventory_Series","Personnel_Productivity","Space_Inventory","Zone_Polygons"
"102","Roudebush Hall Lot - Timed","Roudebush Hall Lot - Timed","122","True","d7d1007c-5c0b-4f24-981b-962389ed173b","EntryStation_Permission_Lot_Rel","Polygon ((-84.7338039278658 39.5100027890451 ,-84.7338039278658 39.5096998340157 ,-84.7336708902004 39.5097031449564 ,-84.7336816190365 39.5100061000029 ,-84.7338039278658 39.5100027890451))","","85f20ab3-1a03-4478-abf0-394079fad1b6","Permit_Inventory_Series","Personnel_Productivity","Space_Inventory","Zone_Polygons"
"104","Sawyer Lot","Sawyer Lot","330","True","d7d1007c-5c0b-4f24-981b-962389ed173b","EntryStation_Permission_Lot_Rel","Polygon ((-84.7249521016421 39.5012525679505 ,-84.7248233556094 39.5012459451373 ,-84.7248898743602 39.5011366690398 ,-84.7249521016421 39.501067129607 ,-84.7250529526356 39.5011018993637 ,-84.7249735593142 39.5011797172554 ,-84.7249521016421 39.5012525679505))","","2624e91d-ad91-bde6-85ed-0b33d64e95ce","Permit_Inventory_Series","Personnel_Productivity","Space_Inventory","Zone_Polygons"
"87","Shriver Center - East Lot","Shriver Center - East Lot","240","True","d7d1007c-5c0b-4f24-981b-962389ed173b","EntryStation_Permission_Lot_Rel","Polygon ((-84.7310042381288 39.5059239597269 ,-84.7309956548635 39.5062782541366 ,-84.7315771579089 39.5062799097201 ,-84.7316608428629 39.5062153421886 ,-84.7316586971284 39.5059686605364 ,-84.7316608428629 39.5059305820311 ,-84.7310042381288 39.5059239597269))","","4a178ace-6815-46f5-b1c5-043b21626999","Permit_Inventory_Series","Personnel_Productivity","Space_Inventory","Zone_Polygons"
"88","Shriver Center - West Lot","Shriver Center - West Lot","242","True","d7d1007c-5c0b-4f24-981b-962389ed173b","EntryStation_Permission_Lot_Rel","Polygon ((-84.732129692966 39.5063051572603 ,-84.7321425675365 39.5058780171859 ,-84.7328056096377 39.5058912618656 ,-84.7327991722706 39.5063167463076 ,-84.732129692966 39.5063051572603))","","4a178ace-6815-46f5-b1c5-043b21626999","Permit_Inventory_Series","Personnel_Productivity","Space_Inventory","Zone_Polygons"
"140","Soccer Fields Lot","Soccer Fields Lot","411","True","d7d1007c-5c0b-4f24-981b-962389ed173b","EntryStation_Permission_Lot_Rel","Polygon ((-84.7127271294268 39.5082578823274 ,-84.712154209483 39.5082760931613 ,-84.712164938319 39.5080277632672 ,-84.7127142548563 39.5080128634526 ,-84.7127271294268 39.5082578823274))","","30794165-2ecc-47dc-9b48-e3ed39640656","Permit_Inventory_Series","Personnel_Productivity","Space_Inventory","Zone_Polygons"
"89","South Chiller Lot","South Chiller Lot","219","True","d7d1007c-5c0b-4f24-981b-962389ed173b","EntryStation_Permission_Lot_Rel","Polygon ((-84.7347534298571 39.5006329206074 ,-84.7341890930149 39.5006279534849 ,-84.7341976761165 39.5010584372124 ,-84.7347620129587 39.5010733385182 ,-84.7347534298571 39.5006329206074))","","85f20ab3-1a03-4478-abf0-394079fad1b6","Permit_Inventory_Series","Personnel_Productivity","Space_Inventory","Zone_Polygons"
"90","South Garage","South Garage","206","True","d7d1007c-5c0b-4f24-981b-962389ed173b","EntryStation_Permission_Lot_Rel","Polygon ((-84.7391227481786 39.5042029571683 ,-84.7391999959292 39.5032758000214 ,-84.7384318112019 39.5032526210369 ,-84.7384017705919 39.5041996459024 ,-84.7391227481786 39.5042029571683))","","4a178ace-6815-46f5-b1c5-043b21626999","Permit_Inventory_Series","Personnel_Productivity","Space_Inventory","Zone_Polygons"
"91","South Garage Parking Lot","South Garage Parking Lot","205","True","d7d1007c-5c0b-4f24-981b-962389ed173b","EntryStation_Permission_Lot_Rel","Polygon ((-84.7389618158014 39.5042861523807 ,-84.7384403944672 39.5042729073319 ,-84.7384253738348 39.5043755560465 ,-84.7389167547227 39.5043788672725 ,-84.7389618158014 39.5042861523807))","","2624e91d-ad91-bde6-85ed-0b33d64e95ce","Permit_Inventory_Series","Personnel_Productivity","Space_Inventory","Zone_Polygons"
"115","Steam Plant Lot","Steam Plant Lot","331","True","d7d1007c-5c0b-4f24-981b-962389ed173b","EntryStation_Permission_Lot_Rel","Polygon ((-84.7254810332926 39.5008518881034 ,-84.7253286838533 39.5009429519294 ,-84.7249660491617 39.5005604831848 ,-84.7242686746542 39.5008220853937 ,-84.724187135762 39.5009512304502 ,-84.7243330476705 39.5012144869084 ,-84.7241485118867 39.5012972717412 ,-84.7240326402608 39.5009628203904 ,-84.7241420745196 39.5007608241897 ,-84.724487543008 39.5005174346488 ,-84.7248330114964 39.5004131245125 ,-84.725133418906 39.5004247145424 ,-84.7254810332926 39.5008518881034))","","2624e91d-ad91-bde6-85ed-0b33d64e95ce","Permit_Inventory_Series","Personnel_Productivity","Space_Inventory","Zone_Polygons"
"117","Stonebridge Hall Service Drive","Stonebridge Hall Service Drive","343","True","d7d1007c-5c0b-4f24-981b-962389ed173b","EntryStation_Permission_Lot_Rel","Polygon ((-84.7282142042788 39.5057430867453 ,-84.7280682920429 39.5057977212099 ,-84.7279331088068 39.5057679205895 ,-84.727789342469 39.5056768631172 ,-84.7278365492822 39.5055758719565 ,-84.7281112073871 39.5055543492452 ,-84.7283686994525 39.5056371289164 ,-84.7282142042788 39.5057430867453))","","2624e91d-ad91-bde6-85ed-0b33d64e95ce","Permit_Inventory_Series","Personnel_Productivity","Space_Inventory","Zone_Polygons"
"92","Student Health Services Lot","Student Health Services Lot","244","True","d7d1007c-5c0b-4f24-981b-962389ed173b","EntryStation_Permission_Lot_Rel","Polygon ((-84.7391356229129 39.5053974815073 ,-84.7381850479725 39.5053925147095 ,-84.7381850479725 39.5050680166855 ,-84.73917210089 39.5050845727435 ,-84.7391356229129 39.5053974815073))","","2624e91d-ad91-bde6-85ed-0b33d64e95ce","Permit_Inventory_Series","Personnel_Productivity","Space_Inventory","Zone_Polygons"
"118","Symmes Hall - North Lot","Symmes Hall - North Lot","332","True","d7d1007c-5c0b-4f24-981b-962389ed173b","EntryStation_Permission_Lot_Rel","Polygon ((-84.7300874591203 39.5125298461599 ,-84.7288858293179 39.5125364678661 ,-84.7288987040521 39.51242389868 ,-84.7301110625268 39.5124321758332 ,-84.7300874591203 39.5125298461599))","","2624e91d-ad91-bde6-85ed-0b33d64e95ce","Permit_Inventory_Series","Personnel_Productivity","Space_Inventory","Zone_Polygons"
"119","Symmes Hall - West","Symmes Hall - West","333","True","d7d1007c-5c0b-4f24-981b-962389ed173b","EntryStation_Permission_Lot_Rel","Polygon ((-84.7297613024058 39.5119984516657 ,-84.7299994825336 39.51200176256 ,-84.7299823164941 39.5123659585801 ,-84.7298256754222 39.5123609922646 ,-84.7298406957272 39.5122368347677 ,-84.7297677397729 39.5122384901776 ,-84.7297613024058 39.5119984516657))","","255a28e3-6b2f-4001-bc92-3718c5b07bc0","Permit_Inventory_Series","Personnel_Productivity","Space_Inventory","Zone_Polygons"
"100","Tallawanda Rd.","Tallawanda Rd.","123","True","d7d1007c-5c0b-4f24-981b-962389ed173b","EntryStation_Permission_Lot_Rel","Polygon ((-84.73465096944 39.5149686629763 ,-84.7347593307497 39.5115105087803 ,-84.7346348761859 39.5115138196348 ,-84.7345222234073 39.514977767467 ,-84.73465096944 39.5149686629763))","","2624e91d-ad91-bde6-85ed-0b33d64e95ce","Permit_Inventory_Series","Personnel_Productivity","Space_Inventory","Zone_Polygons"
"93","Tappan Driveway","Tappan Driveway","245","True","d7d1007c-5c0b-4f24-981b-962389ed173b","EntryStation_Permission_Lot_Rel","Polygon ((-84.7317252158793 39.5022327335803 ,-84.7317316530827 39.5020539206203 ,-84.7309978007617 39.5020323968182 ,-84.7310085295977 39.5021383601432 ,-84.7314848898533 39.5021499498538 ,-84.7314655780794 39.5022741254065 ,-84.7317252158793 39.5022327335803))","","255a28e3-6b2f-4001-bc92-3718c5b07bc0","Permit_Inventory_Series","Personnel_Productivity","Space_Inventory","Zone_Polygons"
"111","Thomson Hall - East Lot","Thomson Hall - East Lot","335","True","d7d1007c-5c0b-4f24-981b-962389ed173b","EntryStation_Permission_Lot_Rel","Polygon ((-84.7253458498928 39.5051185126532 ,-84.7247922420503 39.5048966612473 ,-84.7249724863651 39.5046499749141 ,-84.7255260943713 39.5049132173461 ,-84.7253458498928 39.5051185126532))","","8206ffbd-e733-4c5f-b3cf-e58a392791a7","Permit_Inventory_Series","Personnel_Productivity","Space_Inventory","Zone_Polygons"
"112","Thomson Hall - West Lot","Thomson Hall - West Lot","336","True","d7d1007c-5c0b-4f24-981b-962389ed173b","EntryStation_Permission_Lot_Rel","Polygon ((-84.7261467576028 39.505008828757 ,-84.7258227466229 39.5043945956963 ,-84.7259729503277 39.5043465826153 ,-84.7263162732453 39.5049674385595 ,-84.7261467576028 39.505008828757))","","2624e91d-ad91-bde6-85ed-0b33d64e95ce","Permit_Inventory_Series","Personnel_Productivity","Space_Inventory","Zone_Polygons"
"113","Thomson Hall Circle","Thomson Hall Circle","334","True","d7d1007c-5c0b-4f24-981b-962389ed173b","EntryStation_Permission_Lot_Rel","Polygon ((-84.725816845894 39.5044297776557 ,-84.7255464790943 39.5044662013095 ,-84.7253447771074 39.5043950095955 ,-84.7252074479731 39.504294016572 ,-84.7251602409962 39.5041797783983 ,-84.7250958679798 39.5040175267285 ,-84.725102305347 39.5037244794069 ,-84.7252374887468 39.5037294463713 ,-84.725201010606 39.5039330895203 ,-84.7252761124584 39.5041483214815 ,-84.7253361940058 39.5042426921892 ,-84.7254499195698 39.504313884075 ,-84.7255872487041 39.5043569302752 ,-84.7258104085269 39.5043337515565 ,-84.725816845894 39.5044297776557))","","2624e91d-ad91-bde6-85ed-0b33d64e95ce","Permit_Inventory_Series","Personnel_Productivity","Space_Inventory","Zone_Polygons"
"94","Warfield Hall Lot","Warfield Hall Lot","256","True","d7d1007c-5c0b-4f24-981b-962389ed173b","EntryStation_Permission_Lot_Rel","Polygon ((-84.7348848580988 39.5068059673536 ,-84.7348912953022 39.5065195540702 ,-84.7355972527477 39.5065427320914 ,-84.7356036901148 39.5068274896773 ,-84.7348848580988 39.5068059673536))","","2624e91d-ad91-bde6-85ed-0b33d64e95ce","Permit_Inventory_Series","Personnel_Productivity","Space_Inventory","Zone_Polygons"
"95","Wells Hall Lot","Wells Hall Lot","250","True","d7d1007c-5c0b-4f24-981b-962389ed173b","EntryStation_Permission_Lot_Rel","Polygon ((-84.7382971644403 39.5062186533269 ,-84.7383529543551 39.5059901831195 ,-84.7376427054407 39.5059802495767 ,-84.7376577257457 39.5062186533269 ,-84.7382971644403 39.5062186533269))","","2624e91d-ad91-bde6-85ed-0b33d64e95ce","Permit_Inventory_Series","Personnel_Productivity","Space_Inventory","Zone_Polygons"
"107","Western Dining Service Drive","Western Dining Service Drive","348","True","d7d1007c-5c0b-4f24-981b-962389ed173b","EntryStation_Permission_Lot_Rel","Polygon ((-84.7278703450503 39.5044699264457 ,-84.7280806303026 39.5042960861025 ,-84.7277394532831 39.5041189340547 ,-84.7276257275554 39.5042083379672 ,-84.7278381585421 39.5043043642239 ,-84.727717995611 39.5044252247036 ,-84.7278703450503 39.5044699264457))","","255a28e3-6b2f-4001-bc92-3718c5b07bc0","Permit_Inventory_Series","Personnel_Productivity","Space_Inventory","Zone_Polygons"
"108","Western Dr.","Western Dr.","337","True","d7d1007c-5c0b-4f24-981b-962389ed173b","EntryStation_Permission_Lot_Rel","Polygon ((-84.7258822918594 39.5029103146776 ,-84.726023912299 39.5016967072038 ,-84.7259037495316 39.501690084433 ,-84.7258211373629 39.5023598064274 ,-84.7257792949678 39.5029219042753 ,-84.7258822918594 39.5029103146776))","","2624e91d-ad91-bde6-85ed-0b33d64e95ce","Permit_Inventory_Series","Personnel_Productivity","Space_Inventory","Zone_Polygons"
"109","Western Dr. - Bachelor","Western Dr. - Bachelor","338","True","d7d1007c-5c0b-4f24-981b-962389ed173b","EntryStation_Permission_Lot_Rel","Polygon ((-84.7305976151439 39.5063212991358 ,-84.730327248508 39.5063163324041 ,-84.7301319837244 39.5062633539469 ,-84.7298916576985 39.5062120310185 ,-84.7297672032984 39.50617726385 ,-84.7297414539936 39.5060977959978 ,-84.7299367189409 39.5061458078374 ,-84.7302757500621 39.5062070642948 ,-84.7306104897145 39.5062236200814 ,-84.7305976151439 39.5063212991358))","","2624e91d-ad91-bde6-85ed-0b33d64e95ce","Permit_Inventory_Series","Personnel_Productivity","Space_Inventory","Zone_Polygons"
"110","Western Lodge Lot","Western Lodge Lot","339","True","d7d1007c-5c0b-4f24-981b-962389ed173b","EntryStation_Permission_Lot_Rel","Polygon ((-84.7260823845865 39.5006221584871 ,-84.7261896729471 39.5002264422204 ,-84.7259514926556 39.5001701476469 ,-84.7258377670916 39.500605601366 ,-84.7260823845865 39.5006221584871))","","2624e91d-ad91-bde6-85ed-0b33d64e95ce","Permit_Inventory_Series","Personnel_Productivity","Space_Inventory","Zone_Polygons"
"96","Williams Hall - North Lot","Williams Hall - North Lot","246","True","d7d1007c-5c0b-4f24-981b-962389ed173b","EntryStation_Permission_Lot_Rel","Polygon ((-84.7366164921733 39.5068841927428 ,-84.7366079090718 39.5066739359457 ,-84.7370971440616 39.5066772470938 ,-84.7371915578516 39.5068924705559 ,-84.7366164921733 39.5068841927428))","","2624e91d-ad91-bde6-85ed-0b33d64e95ce","Permit_Inventory_Series","Personnel_Productivity","Space_Inventory","Zone_Polygons"
"98","Williams Hall - South Drive","Williams Hall - South Drive","247","True","d7d1007c-5c0b-4f24-981b-962389ed173b","EntryStation_Permission_Lot_Rel","Polygon ((-84.7373589275959 39.5062654234187 ,-84.7371186017337 39.5055982225084 ,-84.7365993261339 39.5055965668772 ,-84.7366915941895 39.5060021861089 ,-84.7367237805339 39.5061180768741 ,-84.737004876006 39.5061379438241 ,-84.7370027302715 39.5062637678349 ,-84.7373589275959 39.5062654234187))","","2624e91d-ad91-bde6-85ed-0b33d64e95ce","Permit_Inventory_Series","Personnel_Productivity","Space_Inventory","Zone_Polygons"
"97","Williams Hall - West Lot","Williams Hall - West Lot","248","True","d7d1007c-5c0b-4f24-981b-962389ed173b","EntryStation_Permission_Lot_Rel","Polygon ((-84.7371143102647 39.5066925610961 ,-84.7370971440616 39.5064624368519 ,-84.7369962930681 39.5064707147153 ,-84.7369834183338 39.5063465466295 ,-84.7373739480646 39.5063382687513 ,-84.7373718023302 39.5066892499488 ,-84.7371143102647 39.5066925610961))","","2624e91d-ad91-bde6-85ed-0b33d64e95ce","Permit_Inventory_Series","Personnel_Productivity","Space_Inventory","Zone_Polygons"
"105","Wilson Hall - Circle","Wilson Hall - Circle","340","True","d7d1007c-5c0b-4f24-981b-962389ed173b","EntryStation_Permission_Lot_Rel","Polygon ((-84.727608561516 39.5102705637689 ,-84.7275012731554 39.5098434481016 ,-84.7270764111819 39.5097639843791 ,-84.7268189191165 39.5099030457707 ,-84.7268747088675 39.5103434049659 ,-84.7270849941198 39.5103566487945 ,-84.7270163296345 39.5099858202614 ,-84.7271751162772 39.5099129786895 ,-84.7273210285131 39.5099394665082 ,-84.7274841069522 39.5103665816485 ,-84.727608561516 39.5102705637689))","","2624e91d-ad91-bde6-85ed-0b33d64e95ce","Permit_Inventory_Series","Personnel_Productivity","Space_Inventory","Zone_Polygons"
"106","Wilson Hall - East Lot","Wilson Hall - East Lot","341","True","d7d1007c-5c0b-4f24-981b-962389ed173b","EntryStation_Permission_Lot_Rel","Polygon ((-84.7262181042971 39.5098864908607 ,-84.7263082264546 39.5097043865907 ,-84.7258747815432 39.5096414776814 ,-84.7258104085269 39.5098500700954 ,-84.7262181042971 39.5098864908607))","","8206ffbd-e733-4c5f-b3cf-e58a392791a7","Permit_Inventory_Series","Personnel_Productivity","Space_Inventory","Zone_Polygons"
"151","Withrow Hall Service Drive","Withrow Hall Service Drive","133","True","d7d1007c-5c0b-4f24-981b-962389ed173b","EntryStation_Permission_Lot_Rel","Polygon ((-84.7345742583276 39.5130384746221 ,-84.7337776422502 39.5130364053519 ,-84.7337615489961 39.5128439629591 ,-84.7340485453607 39.512846032235 ,-84.7340351343156 39.5129660501304 ,-84.7345688939096 39.5129743272189 ,-84.7345742583276 39.5130384746221))","","255a28e3-6b2f-4001-bc92-3718c5b07bc0","Permit_Inventory_Series","Personnel_Productivity","Space_Inventory","Zone_Polygons"
"99","Withrow Ln.","Withrow Ln.","125","True","d7d1007c-5c0b-4f24-981b-962389ed173b","EntryStation_Permission_Lot_Rel","Polygon ((-84.7308154102213 39.5125393648525 ,-84.7308197020176 39.5124267956711 ,-84.7331027982001 39.5124599042765 ,-84.7331113814654 39.5125824060047 ,-84.7308154102213 39.5125393648525))","","2624e91d-ad91-bde6-85ed-0b33d64e95ce","Permit_Inventory_Series","Personnel_Productivity","Space_Inventory","Zone_Polygons"
"122","Yager Stadium - East Lot","Yager Stadium - East Lot","412","True","d7d1007c-5c0b-4f24-981b-962389ed173b","EntryStation_Permission_Lot_Rel","Polygon ((-84.7322444913154 39.5187130092641 ,-84.7319698333742 39.5190639278714 ,-84.7318239208109 39.5195009183374 ,-84.731978416312 39.519884938157 ,-84.7320728299384 39.5200968102608 ,-84.7322959895975 39.5202623348527 ,-84.732210158909 39.5204079960915 ,-84.7323389049417 39.5207986317198 ,-84.7321929930332 39.5208979455188 ,-84.7318239208109 39.5204212380645 ,-84.7320899958142 39.520328544579 ,-84.7317466730603 39.5198716960817 ,-84.7316265106203 39.5194611921369 ,-84.7317724225287 39.5189712324481 ,-84.7321329111584 39.5186004500232 ,-84.7322444913154 39.5187130092641))","","30794165-2ecc-47dc-9b48-e3ed39640656","Permit_Inventory_Series","Personnel_Productivity","Space_Inventory","Zone_Polygons"
"126","Yager Stadium - Inside Fence","Yager Stadium - Inside Fence","425","True","d7d1007c-5c0b-4f24-981b-962389ed173b","EntryStation_Permission_Lot_Rel","Polygon ((-84.7340147494289 39.5200016334102 ,-84.734203577009 39.5196573405048 ,-84.7341949939074 39.5192203508966 ,-84.7339503764125 39.5188892963519 ,-84.733542680806 39.5186807312038 ,-84.7330749034883 39.5186244515801 ,-84.7322509286825 39.518737010782 ,-84.7319505212728 39.5191640717101 ,-84.7318561076465 39.5195017460821 ,-84.7320234775545 39.5199321128877 ,-84.732306718761 39.520230057544 ,-84.7329332827213 39.5204386180832 ,-84.7337486742619 39.5202631624462 ,-84.7340147494289 39.5200016334102))","","255a28e3-6b2f-4001-bc92-3718c5b07bc0","Permit_Inventory_Series","Personnel_Productivity","Space_Inventory","Zone_Polygons"
"125","Yager Stadium - Red","Yager Stadium - Red","423","True","d7d1007c-5c0b-4f24-981b-962389ed173b","EntryStation_Permission_Lot_Rel","Polygon ((-84.7349041700365 39.5211627816848 ,-84.734676718581 39.5203153025883 ,-84.7339814901353 39.5204278590501 ,-84.7342475651386 39.5211793339077 ,-84.7349041700365 39.5211627816848))","","2624e91d-ad91-bde6-85ed-0b33d64e95ce","Permit_Inventory_Series","Personnel_Productivity","Space_Inventory","Zone_Polygons"
"123","Yager Stadium - West Lot","Yager Stadium - West Lot","413","True","d7d1007c-5c0b-4f24-981b-962389ed173b","EntryStation_Permission_Lot_Rel","Polygon ((-84.7344632148089 39.5201001207375 ,-84.7341628073993 39.5199643902717 ,-84.7343301771436 39.5196829969921 ,-84.7343816755894 39.5194578815981 ,-84.7346434592875 39.5193751183929 ,-84.7346520423891 39.5197624493693 ,-84.7344632148089 39.5201001207375))","","2624e91d-ad91-bde6-85ed-0b33d64e95ce","Permit_Inventory_Series","Personnel_Productivity","Space_Inventory","Zone_Polygons"
